scenario,d,sector_code,sector_name,y,z,q,t_star_if_maxmin,z_below_1_minus_1e6,z_below_0999,z_below_099,z_below_095,z_below_090,z_interior_1e6
residual_equal,0.05,A01,"Tarım ve avcılık ürünleri ve ilgili hizmetler Products of agriculture, hunting and related services",0.9998824525009338,0.9999999999985087,0.00011754749906622841,,False,False,False,False,False,False
residual_equal,0.05,A02,"Orman ürünleri ve ilgili hizmetler Products of forestry, logging and related services",0.9997436493615494,0.9999999999122664,0.000256350638450642,,False,False,False,False,False,False
residual_equal,0.05,A03,Balık ve diğer balıkçılık ürünleri; su ürünleri; balıkçılık için destekleyici hizmetler Fish and other fishing products; aquaculture products; support services to fishing,0.999997504163366,0.9999999999515855,2.495836634031079e-06,,False,False,False,False,False,False
residual_equal,0.05,B,Madencilik ve taşocakçılığı Mining and quarrying,0.9939369290404534,1.0,0.006063070959546613,,False,False,False,False,False,False
residual_equal,0.05,C10-C12,"Gıda, içecekler ve tütün ürünleri Food, beverages and tobacco products",0.9999059229220305,0.9999999999999998,9.407707796948994e-05,,False,False,False,False,False,False
residual_equal,0.05,C13-C15,"Tekstil, giyim eşyası, deri ve ilgili ürünler Textiles, wearing apparel, leather and related products",0.999899870856788,0.9999999999999819,0.00010012914321200217,,False,False,False,False,False,False
residual_equal,0.05,C16,"Kereste, ağaç ürünleri ve mantar ürünleri (mobilya hariç); hasır ve örme malzemesinden (saz, saman vb.) ürünler Wood and of products of wood and cork, except furniture; articles of straw and plaiting materials",0.999503267832026,0.9999999999999614,0.0004967321679739678,,False,False,False,False,False,False
residual_equal,0.05,C17,Kağıt ve kağıt ürünleri Paper and paper products,0.9997163653702025,1.0,0.0002836346297975245,,False,False,False,False,False,False
residual_equal,0.05,C18,Basım ve kayıt hizmetleri Printing and recording services,0.9994412659422095,0.9999999999998863,0.0005587340577904998,,False,False,False,False,False,False
residual_equal,0.05,C19,Kok ve rafine petrol ürünleri Coke and refined petroleum products,0.9993184241045819,0.9999999999985809,0.0006815758954180628,,False,False,False,False,False,False
residual_equal,0.05,C20,Kimyasallar ve kimyasal ürünler Chemicals and chemical products,0.9997453892911469,1.0,0.0002546107088531313,,False,False,False,False,False,False
residual_equal,0.05,C21,Temel eczacılık ürünleri ve müstahzarları Basic pharmaceutical products and pharmaceutical preparations,0.9999265213148183,1.0,7.347868518170486e-05,,False,False,False,False,False,False
residual_equal,0.05,C22,Kauçuk ve plastik ürünler Rubber and plastic products,0.999674119130588,0.9999999999999974,0.00032588086941198746,,False,False,False,False,False,False
residual_equal,0.05,C23,Diğer metalik olmayan mineral ürünleri Other non-metallic mineral products,0.9994832788038833,1.0,0.0005167211961166762,,False,False,False,False,False,False
residual_equal,0.05,C24,Ana metaller Basic metals,0.9995676186780666,0.9999999999891357,0.00043238132193335055,,False,False,False,False,False,False
residual_equal,0.05,C25,"Fabrikasyon metal ürünler, makine ve ekipmanlar hariç Fabricated metal products, except machinery and equipment",0.9995228623927256,0.9999999993972213,0.0004771376072744138,,False,False,False,False,False,False
residual_equal,0.05,C26,"Bilgisayarlar ile elektronik ve optik ürünler Computer, electronic and optical products",0.9977987273095507,0.9999999999999672,0.0022012726904493407,,False,False,False,False,False,False
residual_equal,0.05,C27,Elektrikli teçhizat Electrical equipment,0.9991339822149811,0.9999999998773365,0.0008660177850189354,,False,False,False,False,False,False
residual_equal,0.05,C28,Başka yerde sınıflandırılmamış makine ve ekipmanlar Machinery and equipment n.e.c.,0.9997202530718853,0.9999999999970479,0.00027974692811472135,,False,False,False,False,False,False
residual_equal,0.05,C29,"Motorlu kara taşıtları, treyler (römork) ve yarı treyler (yarı römork) Motor vehicles, trailers and semi-trailers",0.9999274222933824,0.9999999991407001,7.257770661761587e-05,,False,False,False,False,False,False
residual_equal,0.05,C30,Diğer ulaşım araçları Other transport equipment,0.9999106719388472,0.9999999999989571,8.932806115280467e-05,,False,False,False,False,False,False
residual_equal,0.05,C31_C32,Mobilya ve diğer mamul eşyalar Furniture and other manufactured goods,0.9998723032586487,1.0,0.00012769674135126863,,False,False,False,False,False,False
residual_equal,0.05,C33,Makine ve ekipmanların kurulumu ve onarımı Repair and installation services of machinery and equipment,0.9990464899473231,1.0,0.0009535100526768536,,False,False,False,False,False,False
residual_equal,0.05,D35,"Elektrik, gaz, buhar ve iklimlendirme Electricity, gas, steam and air conditioning",0.95,0.7782152611998023,0.050000000000000044,,True,True,True,True,True,True
residual_equal,0.05,E36,Doğal su; suyun arıtılması ve temini hizmetleri Natural water; water treatment and supply services,0.9999569941245251,0.9999999999650278,4.3005875474899646e-05,,False,False,False,False,False,False
residual_equal,0.05,E37-E39,"Kanalizasyon hizmetleri, kanalizasyon çamuru; atığın toplanması, işlenmesi ve bertarafı; maddelerin geri kazanımı; iyileştirme hizmetleri ve diğer atık yönetimi hizmetleri Sewerage services; sewage sludge; waste collection, treatment and disposal services; materials recovery services; remediation services and other wa...",0.9994033622573751,0.999999999999901,0.0005966377426248615,,False,False,False,False,False,False
residual_equal,0.05,F,İnşaatlar ve inşaat işleri Constructions and construction works,0.9999671823568,0.9999999999998298,3.281764319995606e-05,,False,False,False,False,False,False
residual_equal,0.05,G45,Toptan ve perakende ticaret ile motorlu kara taşıtlarının ve motosikletlerin onarım hizmetleri Wholesale and retail trade and repair services of motor vehicles and motorcycles,0.999603438467132,1.0,0.00039656153286804496,,False,False,False,False,False,False
residual_equal,0.05,G46,"Toptan ticaret, motorlu kara taşıtları ve motosikletler hariç Wholesale trade services, except of motor vehicles and motorcycles",0.9995275331083862,0.9999999999999897,0.00047246689161384303,,False,False,False,False,False,False
residual_equal,0.05,G47,"Perakende ticaret (motorlu kara taşıtları ve motosikletler hariç) Retail trade services, except of motor vehicles and motorcycles",0.9996233807847655,0.9999999999999631,0.00037661921523446384,,False,False,False,False,False,False
residual_equal,0.05,H49,Kara taşımacılığı ve boru hattı taşımacılığı hizmetleri Land transport services and transport services via pipelines,0.9993853286017297,0.9999999999999071,0.0006146713982703167,,False,False,False,False,False,False
residual_equal,0.05,H50,Su yolu taşımacılığı hizmetleri Water transport services,0.9996852913361511,0.9999999997921399,0.00031470866384886165,,False,False,False,False,False,False
residual_equal,0.05,H51,Hava yolu taşımacılığı hizmetleri Air transport services,0.9999002918114176,0.9999999999942977,9.97081885824036e-05,,False,False,False,False,False,False
residual_equal,0.05,H52,"Depolama ve destek hizmetleri, taşımacılık için Warehousing and support services for transportation",0.9989581746654655,0.9999999999895661,0.001041825334534452,,False,False,False,False,False,False
residual_equal,0.05,H53,Posta ve kurye hizmetleri Postal and courier services,0.9994729479479153,1.0,0.0005270520520846977,,False,False,False,False,False,False
residual_equal,0.05,I,Konaklama ve yiyecek hizmetleri Accommodation and food services,0.9999225850758428,1.0,7.74149241572486e-05,,False,False,False,False,False,False
residual_equal,0.05,J58,Yayıncılık hizmetleri Publishing services,0.9995477874102936,0.9999999999999499,0.0004522125897064022,,False,False,False,False,False,False
residual_equal,0.05,J59_J60,"Sinema filmi, video ve televizyon programı yapımcılık hizmetleri, ses kaydı ve müzik yayımlama; programcılık ve yayıncılık hizmetleri Motion picture, video and television programme production services, sound recording and music publishing; programming and broadcasting services",0.9996524485390463,0.9999999999575813,0.0003475514609536656,,False,False,False,False,False,False
residual_equal,0.05,J61,Telekomünikasyon hizmetleri Telecommunications services,0.9995958684417996,1.0,0.0004041315582004046,,False,False,False,False,False,False
residual_equal,0.05,J62_J63,"Bilgisayar programlama, danışmanlık ve ilgili hizmetler; bilgi hizmetleri Computer programming, consultancy and related services; Information services",0.9994983931814175,1.0,0.0005016068185824674,,False,False,False,False,False,False
residual_equal,0.05,K64,"Finansal hizmetler (sigorta ve bireysel emeklilik hariç) Financial services, except insurance and pension funding",0.9975175902675107,0.9999999999986012,0.0024824097324892547,,False,False,False,False,False,False
residual_equal,0.05,K65,"Sigorta, reasürans ve emeklilik fonları hizmetleri, zorunlu sosyal güvenlik hariç Insurance, reinsurance and pension funding services, except compulsory social security",0.9981873749867448,0.999999999999985,0.0018126250132551869,,False,False,False,False,False,False
residual_equal,0.05,K66,Finansal hizmetler ile sigorta hizmetlerine yardımcı hizmetler Services auxiliary to financial services and insurance services,0.999402253473276,0.9999999999996941,0.0005977465267239523,,False,False,False,False,False,False
residual_equal,0.05,L68B,Gayrimenkul hizmetleri Real estate services excluding imputed rents,0.999549364411696,1.0,0.00045063558830404915,,False,False,False,False,False,False
residual_equal,0.05,L68A,Kendi konutunda ikamet edenler için izafi kira Imputed rents of owner-occupied dwellings,1.0,1.0,0.0,,False,False,False,False,False,False
residual_equal,0.05,M69_M70,Hukuk ve muhasebe hizmetleri; idare merkezi hizmetleri; idari danışmanlık hizmetleri Legal and accounting services;Services of head offices; management consulting services,0.99827718643981,1.0,0.0017228135601899952,,False,False,False,False,False,False
residual_equal,0.05,M71,Mimarlık ve mühendislik hizmetleri; teknik test ve analiz hizmetleri Architectural and engineering services; technical testing and analysis services,0.996676810089349,1.0,0.0033231899106509477,,False,False,False,False,False,False
residual_equal,0.05,M72,Bilimsel araştırma ve geliştirme hizmetleri Scientific research and development services,0.999993139485446,0.9999999999999994,6.860514554007935e-06,,False,False,False,False,False,False
residual_equal,0.05,M73,Reklamcılık ve pazar araştırması hizmetleri Advertising and market research services,0.999176233331938,1.0,0.0008237666680620537,,False,False,False,False,False,False
residual_equal,0.05,M74_M75,"Diğer mesleki, bilimsel ve teknik hizmetler; veterinerlik hizmetleri Other professional, scientific and technical services and veterinary services",0.998861131794257,0.9999999999996461,0.0011388682057430488,,False,False,False,False,False,False
residual_equal,0.05,N77,Kiralama ve leasing hizmetleri Rental and leasing services,0.9978031190568756,0.9999999999999809,0.002196880943124424,,False,False,False,False,False,False
residual_equal,0.05,N78,İstihdam hizmetleri Employment services,0.9990622069438355,0.9999999999982849,0.000937793056164482,,False,False,False,False,False,False
residual_equal,0.05,N79,"Seyahat acentesi, tur operatörü, diğer rezervasyon hizmetleri ve ilgili hizmetler Travel agency, tour operator and other reservation services and related services",0.9997910384915196,0.999999999998733,0.00020896150848037642,,False,False,False,False,False,False
residual_equal,0.05,N80-N82,"Güvenlik ve soruşturma hizmetleri; bina ve çevre düzenleme (peyzaj) hizmetleri; büro yönetimi, büro destek ve diğer iş destek hizmetleri Security and investigation services; services to buildings and landscape; office administrative, office support and other business support services",0.9978215041860133,0.9999999999999911,0.0021784958139866584,,False,False,False,False,False,False
residual_equal,0.05,O84,Kamu yönetimi ve savunma hizmetleri; zorunlu sosyal güvenlik hizmetleri Public administration and defence services; compulsory social security services,0.9994329169187256,0.9999999999999994,0.0005670830812743999,,False,False,False,False,False,False
residual_equal,0.05,P85,Eğitim hizmetleri Education services,0.9999723682618809,1.0,2.763173811914932e-05,,False,False,False,False,False,False
residual_equal,0.05,Q86,İnsan sağlığı hizmetleri Human health services,0.9999849507551892,0.9999999999999987,1.5049244810771967e-05,,False,False,False,False,False,False
residual_equal,0.05,Q87_Q88,Yatılı bakım hizmetleri; barınacak yer sağlanmaksızın verilen sosyal hizmetler Residential care services; social work services without accommodation,0.9999516883887586,1.0,4.831161124141392e-05,,False,False,False,False,False,False
residual_equal,0.05,R90-R92,"Yaratıcı sanatlar, gösteri sanatları ve eğlence hizmetleri; kütüphane, arşiv, müze ve diğer kültürel hizmetler; kumar ve müşterek bahis hizmetleri Creative, arts, entertainment, library, archive, museum, other cultural services; gambling and betting services",0.999974158252536,0.9999999999999997,2.5841747464006026e-05,,False,False,False,False,False,False
residual_equal,0.05,R93,Spor hizmetleri ile eğlence ve dinlence hizmetleri Sporting services and amusement and recreation services,0.9998661552269422,1.0,0.00013384477305777853,,False,False,False,False,False,False
residual_equal,0.05,S94,Üye olunan kuruluşlar tarafından verilen hizmetler Services furnished by membership organisations,0.9999114460802933,1.0,8.855391970674642e-05,,False,False,False,False,False,False
residual_equal,0.05,S95,"Bilgisayarların, kişisel eşyaların ve ev eşyalarının onarımına ilişkin hizmetler Repair services of computers and personal and household goods",0.9998401605120062,0.9999999999978323,0.00015983948799380698,,False,False,False,False,False,False
residual_equal,0.05,S96,Diğer kişisel hizmetler Other personal services,0.9999007822672764,1.0,9.92177327235888e-05,,False,False,False,False,False,False
residual_equal,0.05,T,Ev içi çalışan personelin işverenleri olarak hanehalklarının hizmetleri Services of households as employers; undifferentiated goods and services produced by households for own use,1.0,1.0,0.0,,False,False,False,False,False,False
residual_monetary,0.05,A01,"Tarım ve avcılık ürünleri ve ilgili hizmetler Products of agriculture, hunting and related services",0.9998824525009299,0.9999999999985102,0.00011754749907011419,,False,False,False,False,False,False
residual_monetary,0.05,A02,"Orman ürünleri ve ilgili hizmetler Products of forestry, logging and related services",0.9997436493615315,0.9999999999122677,0.0002563506384685166,,False,False,False,False,False,False
residual_monetary,0.05,A03,Balık ve diğer balıkçılık ürünleri; su ürünleri; balıkçılık için destekleyici hizmetler Fish and other fishing products; aquaculture products; support services to fishing,0.999997504163366,0.9999999999515857,2.495836634031079e-06,,False,False,False,False,False,False
residual_monetary,0.05,B,Madencilik ve taşocakçılığı Mining and quarrying,0.9939369290404185,0.9999999999999478,0.006063070959581474,,False,False,False,False,False,False
residual_monetary,0.05,C10-C12,"Gıda, içecekler ve tütün ürünleri Food, beverages and tobacco products",0.9999059229220262,0.9999999999999989,9.407707797381981e-05,,False,False,False,False,False,False
residual_monetary,0.05,C13-C15,"Tekstil, giyim eşyası, deri ve ilgili ürünler Textiles, wearing apparel, leather and related products",0.9998998708568004,1.0,0.00010012914319956767,,False,False,False,False,False,False
residual_monetary,0.05,C16,"Kereste, ağaç ürünleri ve mantar ürünleri (mobilya hariç); hasır ve örme malzemesinden (saz, saman vb.) ürünler Wood and of products of wood and cork, except furniture; articles of straw and plaiting materials",0.9995032678319984,1.0,0.0004967321680016124,,False,False,False,False,False,False
residual_monetary,0.05,C17,Kağıt ve kağıt ürünleri Paper and paper products,0.999716365370175,1.0,0.000283634629824947,,False,False,False,False,False,False
residual_monetary,0.05,C18,Basım ve kayıt hizmetleri Printing and recording services,0.9994412659422759,1.0,0.0005587340577241084,,False,False,False,False,False,False
residual_monetary,0.05,C19,Kok ve rafine petrol ürünleri Coke and refined petroleum products,0.9993184241045558,0.9999999999985827,0.0006815758954441531,,False,False,False,False,False,False
residual_monetary,0.05,C20,Kimyasallar ve kimyasal ürünler Chemicals and chemical products,0.9997453892910816,0.9999999999999898,0.0002546107089184124,,False,False,False,False,False,False
residual_monetary,0.05,C21,Temel eczacılık ürünleri ve müstahzarları Basic pharmaceutical products and pharmaceutical preparations,0.9999265213148086,1.0,7.34786851913638e-05,,False,False,False,False,False,False
residual_monetary,0.05,C22,Kauçuk ve plastik ürünler Rubber and plastic products,0.9996741191304883,0.999999999999857,0.0003258808695116855,,False,False,False,False,False,False
residual_monetary,0.05,C23,Diğer metalik olmayan mineral ürünleri Other non-metallic mineral products,0.9994832788038632,0.9999999999999987,0.0005167211961367713,,False,False,False,False,False,False
residual_monetary,0.05,C24,Ana metaller Basic metals,0.9995676186780217,0.9999999999887106,0.0004323813219783146,,False,False,False,False,False,False
residual_monetary,0.05,C25,"Fabrikasyon metal ürünler, makine ve ekipmanlar hariç Fabricated metal products, except machinery and equipment",0.9995228623942488,0.9999999994001614,0.0004771376057511878,,False,False,False,False,False,False
residual_monetary,0.05,C26,"Bilgisayarlar ile elektronik ve optik ürünler Computer, electronic and optical products",0.997798727307941,0.9999999999961702,0.002201272692059053,,False,False,False,False,False,False
residual_monetary,0.05,C27,Elektrikli teçhizat Electrical equipment,0.9991339822149908,0.9999999998773756,0.0008660177850091655,,False,False,False,False,False,False
residual_monetary,0.05,C28,Başka yerde sınıflandırılmamış makine ve ekipmanlar Machinery and equipment n.e.c.,0.9997202530720607,0.9999999999972711,0.0002797469279393061,,False,False,False,False,False,False
residual_monetary,0.05,C29,"Motorlu kara taşıtları, treyler (römork) ve yarı treyler (yarı römork) Motor vehicles, trailers and semi-trailers",0.9999274222933449,0.9999999991406843,7.25777066551414e-05,,False,False,False,False,False,False
residual_monetary,0.05,C30,Diğer ulaşım araçları Other transport equipment,0.9999106719388413,0.9999999999989658,8.932806115868885e-05,,False,False,False,False,False,False
residual_monetary,0.05,C31_C32,Mobilya ve diğer mamul eşyalar Furniture and other manufactured goods,0.9998723032575972,0.9999999999987446,0.00012769674240276085,,False,False,False,False,False,False
residual_monetary,0.05,C33,Makine ve ekipmanların kurulumu ve onarımı Repair and installation services of machinery and equipment,0.9990464899470224,0.9999999999994507,0.000953510052977613,,False,False,False,False,False,False
residual_monetary,0.05,D35,"Elektrik, gaz, buhar ve iklimlendirme Electricity, gas, steam and air conditioning",0.95,0.778215261199946,0.050000000000000044,,True,True,True,True,True,True
residual_monetary,0.05,E36,Doğal su; suyun arıtılması ve temini hizmetleri Natural water; water treatment and supply services,0.999956994124553,0.9999999999650567,4.300587544703305e-05,,False,False,False,False,False,False
residual_monetary,0.05,E37-E39,"Kanalizasyon hizmetleri, kanalizasyon çamuru; atığın toplanması, işlenmesi ve bertarafı; maddelerin geri kazanımı; iyileştirme hizmetleri ve diğer atık yönetimi hizmetleri Sewerage services; sewage sludge; waste collection, treatment and disposal services; materials recovery services; remediation services and other wa...",0.9994033622572452,0.9999999999995741,0.0005966377427547576,,False,False,False,False,False,False
residual_monetary,0.05,F,İnşaatlar ve inşaat işleri Constructions and construction works,0.9999671823568004,0.9999999999998299,3.281764319962299e-05,,False,False,False,False,False,False
residual_monetary,0.05,G45,Toptan ve perakende ticaret ile motorlu kara taşıtlarının ve motosikletlerin onarım hizmetleri Wholesale and retail trade and repair services of motor vehicles and motorcycles,0.9996034384664182,0.9999999999988421,0.00039656153358180735,,False,False,False,False,False,False
residual_monetary,0.05,G46,"Toptan ticaret, motorlu kara taşıtları ve motosikletler hariç Wholesale trade services, except of motor vehicles and motorcycles",0.999527533108358,0.9999999999999614,0.0004724668916420427,,False,False,False,False,False,False
residual_monetary,0.05,G47,"Perakende ticaret (motorlu kara taşıtları ve motosikletler hariç) Retail trade services, except of motor vehicles and motorcycles",0.9996233807839828,0.9999999999987266,0.0003766192160171711,,False,False,False,False,False,False
residual_monetary,0.05,H49,Kara taşımacılığı ve boru hattı taşımacılığı hizmetleri Land transport services and transport services via pipelines,0.9993853286017035,0.999999999999888,0.000614671398296518,,False,False,False,False,False,False
residual_monetary,0.05,H50,Su yolu taşımacılığı hizmetleri Water transport services,0.999685291335875,0.9999999997917861,0.0003147086641249741,,False,False,False,False,False,False
residual_monetary,0.05,H51,Hava yolu taşımacılığı hizmetleri Air transport services,0.9999002918114097,0.999999999994295,9.970818859028618e-05,,False,False,False,False,False,False
residual_monetary,0.05,H52,"Depolama ve destek hizmetleri, taşımacılık için Warehousing and support services for transportation",0.9989581746654331,0.9999999999896092,0.0010418253345668704,,False,False,False,False,False,False
residual_monetary,0.05,H53,Posta ve kurye hizmetleri Postal and courier services,0.9994729479475752,1.0,0.0005270520524247591,,False,False,False,False,False,False
residual_monetary,0.05,I,Konaklama ve yiyecek hizmetleri Accommodation and food services,0.9999225850758227,0.9999999999999962,7.741492417734364e-05,,False,False,False,False,False,False
residual_monetary,0.05,J58,Yayıncılık hizmetleri Publishing services,0.9995477874102304,0.9999999999999747,0.0004522125897695739,,False,False,False,False,False,False
residual_monetary,0.05,J59_J60,"Sinema filmi, video ve televizyon programı yapımcılık hizmetleri, ses kaydı ve müzik yayımlama; programcılık ve yayıncılık hizmetleri Motion picture, video and television programme production services, sound recording and music publishing; programming and broadcasting services",0.9996524485390648,0.9999999999575653,0.0003475514609352359,,False,False,False,False,False,False
residual_monetary,0.05,J61,Telekomünikasyon hizmetleri Telecommunications services,0.9995958684418036,1.0,0.0004041315581964078,,False,False,False,False,False,False
residual_monetary,0.05,J62_J63,"Bilgisayar programlama, danışmanlık ve ilgili hizmetler; bilgi hizmetleri Computer programming, consultancy and related services; Information services",0.9994983931812946,0.9999999999999937,0.000501606818705369,,False,False,False,False,False,False
residual_monetary,0.05,K64,"Finansal hizmetler (sigorta ve bireysel emeklilik hariç) Financial services, except insurance and pension funding",0.9975175902682313,1.0,0.00248240973176872,,False,False,False,False,False,False
residual_monetary,0.05,K65,"Sigorta, reasürans ve emeklilik fonları hizmetleri, zorunlu sosyal güvenlik hariç Insurance, reinsurance and pension funding services, except compulsory social security",0.9981873749867332,0.999999999999991,0.0018126250132668442,,False,False,False,False,False,False
residual_monetary,0.05,K66,Finansal hizmetler ile sigorta hizmetlerine yardımcı hizmetler Services auxiliary to financial services and insurance services,0.9994022534732957,0.9999999999996912,0.0005977465267043014,,False,False,False,False,False,False
residual_monetary,0.05,L68B,Gayrimenkul hizmetleri Real estate services excluding imputed rents,0.9995493644115234,0.9999999999998064,0.0004506355884765778,,False,False,False,False,False,False
residual_monetary,0.05,L68A,Kendi konutunda ikamet edenler için izafi kira Imputed rents of owner-occupied dwellings,1.0,1.0,0.0,,False,False,False,False,False,False
residual_monetary,0.05,M69_M70,Hukuk ve muhasebe hizmetleri; idare merkezi hizmetleri; idari danışmanlık hizmetleri Legal and accounting services;Services of head offices; management consulting services,0.9982771864403401,1.0,0.0017228135596598637,,False,False,False,False,False,False
residual_monetary,0.05,M71,Mimarlık ve mühendislik hizmetleri; teknik test ve analiz hizmetleri Architectural and engineering services; technical testing and analysis services,0.9966768100896108,1.0,0.003323189910389157,,False,False,False,False,False,False
residual_monetary,0.05,M72,Bilimsel araştırma ve geliştirme hizmetleri Scientific research and development services,0.9999931394852378,0.9999999999997904,6.860514762174752e-06,,False,False,False,False,False,False
residual_monetary,0.05,M73,Reklamcılık ve pazar araştırması hizmetleri Advertising and market research services,0.9991762333320571,1.0,0.0008237666679429267,,False,False,False,False,False,False
residual_monetary,0.05,M74_M75,"Diğer mesleki, bilimsel ve teknik hizmetler; veterinerlik hizmetleri Other professional, scientific and technical services and veterinary services",0.9988611317943277,0.9999999999999467,0.0011388682056723276,,False,False,False,False,False,False
residual_monetary,0.05,N77,Kiralama ve leasing hizmetleri Rental and leasing services,0.9978031190568527,0.9999999999993472,0.0021968809431472947,,False,False,False,False,False,False
residual_monetary,0.05,N78,İstihdam hizmetleri Employment services,0.9990622069408566,0.9999999999941369,0.0009377930591434325,,False,False,False,False,False,False
residual_monetary,0.05,N79,"Seyahat acentesi, tur operatörü, diğer rezervasyon hizmetleri ve ilgili hizmetler Travel agency, tour operator and other reservation services and related services",0.9997910384915065,0.9999999999987326,0.00020896150849347706,,False,False,False,False,False,False
residual_monetary,0.05,N80-N82,"Güvenlik ve soruşturma hizmetleri; bina ve çevre düzenleme (peyzaj) hizmetleri; büro yönetimi, büro destek ve diğer iş destek hizmetleri Security and investigation services; services to buildings and landscape; office administrative, office support and other business support services",0.9978215041861899,1.0,0.002178495813810133,,False,False,False,False,False,False
residual_monetary,0.05,O84,Kamu yönetimi ve savunma hizmetleri; zorunlu sosyal güvenlik hizmetleri Public administration and defence services; compulsory social security services,0.9994329169187095,0.9999999999999996,0.0005670830812904981,,False,False,False,False,False,False
residual_monetary,0.05,P85,Eğitim hizmetleri Education services,0.9999723682618806,1.0,2.7631738119371363e-05,,False,False,False,False,False,False
residual_monetary,0.05,Q86,İnsan sağlığı hizmetleri Human health services,0.9999849507551882,0.9999999999999981,1.5049244811771167e-05,,False,False,False,False,False,False
residual_monetary,0.05,Q87_Q88,Yatılı bakım hizmetleri; barınacak yer sağlanmaksızın verilen sosyal hizmetler Residential care services; social work services without accommodation,0.9999516883887547,1.0,4.83116112452997e-05,,False,False,False,False,False,False
residual_monetary,0.05,R90-R92,"Yaratıcı sanatlar, gösteri sanatları ve eğlence hizmetleri; kütüphane, arşiv, müze ve diğer kültürel hizmetler; kumar ve müşterek bahis hizmetleri Creative, arts, entertainment, library, archive, museum, other cultural services; gambling and betting services",0.9999741582525371,1.0,2.5841747462895803e-05,,False,False,False,False,False,False
residual_monetary,0.05,R93,Spor hizmetleri ile eğlence ve dinlence hizmetleri Sporting services and amusement and recreation services,0.9998661552269336,1.0,0.00013384477306643827,,False,False,False,False,False,False
residual_monetary,0.05,S94,Üye olunan kuruluşlar tarafından verilen hizmetler Services furnished by membership organisations,0.9999114460803041,1.0,8.855391969586623e-05,,False,False,False,False,False,False
residual_monetary,0.05,S95,"Bilgisayarların, kişisel eşyaların ve ev eşyalarının onarımına ilişkin hizmetler Repair services of computers and personal and household goods",0.9998401605115035,0.9999999999971885,0.00015983948849651597,,False,False,False,False,False,False
residual_monetary,0.05,S96,Diğer kişisel hizmetler Other personal services,0.9999007822672705,1.0,9.921773272947298e-05,,False,False,False,False,False,False
residual_monetary,0.05,T,Ev içi çalışan personelin işverenleri olarak hanehalklarının hizmetleri Services of households as employers; undifferentiated goods and services produced by households for own use,1.0,1.0,0.0,,False,False,False,False,False,False
household_equal_additive,0.05,A01,"Tarım ve avcılık ürünleri ve ilgili hizmetler Products of agriculture, hunting and related services",0.9922427887706262,0.9999999999985475,0.007757211229373784,,False,False,False,False,False,False
household_equal_additive,0.05,A02,"Orman ürünleri ve ilgili hizmetler Products of forestry, logging and related services",0.9634970735231843,0.9999999999123805,0.036502926476815745,,False,False,False,False,False,False
household_equal_additive,0.05,A03,Balık ve diğer balıkçılık ürünleri; su ürünleri; balıkçılık için destekleyici hizmetler Fish and other fishing products; aquaculture products; support services to fishing,0.999873831963152,0.999999999952268,0.0001261680368479512,,False,False,False,False,False,False
household_equal_additive,0.05,B,Madencilik ve taşocakçılığı Mining and quarrying,0.9226766070475523,0.9999999999999172,0.07732339295244772,,False,False,False,False,False,False
household_equal_additive,0.05,C10-C12,"Gıda, içecekler ve tütün ürünleri Food, beverages and tobacco products",0.9935334340236932,0.9999999999998563,0.006466565976306793,,False,False,False,False,False,False
household_equal_additive,0.05,C13-C15,"Tekstil, giyim eşyası, deri ve ilgili ürünler Textiles, wearing apparel, leather and related products",0.9948786634898533,0.999999999999967,0.005121336510146679,,False,False,False,False,False,False
household_equal_additive,0.05,C16,"Kereste, ağaç ürünleri ve mantar ürünleri (mobilya hariç); hasır ve örme malzemesinden (saz, saman vb.) ürünler Wood and of products of wood and cork, except furniture; articles of straw and plaiting materials",0.8987981244022962,1.0,0.10120187559770377,,False,False,False,False,False,False
household_equal_additive,0.05,C17,Kağıt ve kağıt ürünleri Paper and paper products,0.983863794087488,1.0,0.01613620591251197,,False,False,False,False,False,False
household_equal_additive,0.05,C18,Basım ve kayıt hizmetleri Printing and recording services,0.974882460374253,1.0,0.025117539625747032,,False,False,False,False,False,False
household_equal_additive,0.05,C19,Kok ve rafine petrol ürünleri Coke and refined petroleum products,0.9705476378961576,0.9999999999986,0.02945236210384239,,False,False,False,False,False,False
household_equal_additive,0.05,C20,Kimyasallar ve kimyasal ürünler Chemicals and chemical products,0.9830071342589012,0.9999999999999749,0.016992865741098817,,False,False,False,False,False,False
household_equal_additive,0.05,C21,Temel eczacılık ürünleri ve müstahzarları Basic pharmaceutical products and pharmaceutical preparations,0.9956408075950893,1.0,0.004359192404910672,,False,False,False,False,False,False
household_equal_additive,0.05,C22,Kauçuk ve plastik ürünler Rubber and plastic products,0.9543721362014705,1.0,0.045627863798529456,,False,False,False,False,False,False
household_equal_additive,0.05,C23,Diğer metalik olmayan mineral ürünleri Other non-metallic mineral products,0.8507571554741622,0.9999999999999993,0.1492428445258378,,False,False,False,False,False,False
household_equal_additive,0.05,C24,Ana metaller Basic metals,0.9414665338279856,0.9999999999896126,0.05853346617201438,,False,False,False,False,False,False
household_equal_additive,0.05,C25,"Fabrikasyon metal ürünler, makine ve ekipmanlar hariç Fabricated metal products, except machinery and equipment",0.9411015764202628,0.9999999994012442,0.05889842357973718,,False,False,False,False,False,False
household_equal_additive,0.05,C26,"Bilgisayarlar ile elektronik ve optik ürünler Computer, electronic and optical products",0.9635038814156281,1.0,0.03649611858437185,,False,False,False,False,False,False
household_equal_additive,0.05,C27,Elektrikli teçhizat Electrical equipment,0.9715933715249655,0.9999999998774646,0.0284066284750345,,False,False,False,False,False,False
household_equal_additive,0.05,C28,Başka yerde sınıflandırılmamış makine ve ekipmanlar Machinery and equipment n.e.c.,0.9854269488887996,0.9999999999971318,0.014573051111200441,,False,False,False,False,False,False
household_equal_additive,0.05,C29,"Motorlu kara taşıtları, treyler (römork) ve yarı treyler (yarı römork) Motor vehicles, trailers and semi-trailers",0.995425616923864,0.9999999991520401,0.004574383076136002,,False,False,False,False,False,False
household_equal_additive,0.05,C30,Diğer ulaşım araçları Other transport equipment,0.9955411700564929,0.9999999999989225,0.004458829943507103,,False,False,False,False,False,False
household_equal_additive,0.05,C31_C32,Mobilya ve diğer mamul eşyalar Furniture and other manufactured goods,0.9907074034087657,1.0,0.00929259659123427,,False,False,False,False,False,False
household_equal_additive,0.05,C33,Makine ve ekipmanların kurulumu ve onarımı Repair and installation services of machinery and equipment,0.9789492880293618,1.0,0.021050711970638236,,False,False,False,False,False,False
household_equal_additive,0.05,D35,"Elektrik, gaz, buhar ve iklimlendirme Electricity, gas, steam and air conditioning",0.95,0.9848037844812123,0.050000000000000044,,True,True,True,False,False,True
household_equal_additive,0.05,E36,Doğal su; suyun arıtılması ve temini hizmetleri Natural water; water treatment and supply services,0.9986692839277335,0.9999999999655677,0.0013307160722665357,,False,False,False,False,False,False
household_equal_additive,0.05,E37-E39,"Kanalizasyon hizmetleri, kanalizasyon çamuru; atığın toplanması, işlenmesi ve bertarafı; maddelerin geri kazanımı; iyileştirme hizmetleri ve diğer atık yönetimi hizmetleri Sewerage services; sewage sludge; waste collection, treatment and disposal services; materials recovery services; remediation services and other wa...",0.954842804787176,0.9999999999998941,0.04515719521282402,,False,False,False,False,False,False
household_equal_additive,0.05,F,İnşaatlar ve inşaat işleri Constructions and construction works,0.689252187486439,0.6765125323191652,0.310747812513561,,True,True,True,True,True,True
household_equal_additive,0.05,G45,Toptan ve perakende ticaret ile motorlu kara taşıtlarının ve motosikletlerin onarım hizmetleri Wholesale and retail trade and repair services of motor vehicles and motorcycles,0.977400819130416,0.9999999999990911,0.022599180869584012,,False,False,False,False,False,False
household_equal_additive,0.05,G46,"Toptan ticaret, motorlu kara taşıtları ve motosikletler hariç Wholesale trade services, except of motor vehicles and motorcycles",0.9785297862605798,1.0,0.021470213739420152,,False,False,False,False,False,False
household_equal_additive,0.05,G47,"Perakende ticaret (motorlu kara taşıtları ve motosikletler hariç) Retail trade services, except of motor vehicles and motorcycles",0.9786110884548397,1.0,0.021388911545160316,,False,False,False,False,False,False
household_equal_additive,0.05,H49,Kara taşımacılığı ve boru hattı taşımacılığı hizmetleri Land transport services and transport services via pipelines,0.9748078736885661,0.9999999999999016,0.02519212631143386,,False,False,False,False,False,False
household_equal_additive,0.05,H50,Su yolu taşımacılığı hizmetleri Water transport services,0.992558084476812,0.9999999998011966,0.007441915523187959,,False,False,False,False,False,False
household_equal_additive,0.05,H51,Hava yolu taşımacılığı hizmetleri Air transport services,0.9968905237374504,0.9999999999946249,0.0031094762625496486,,False,False,False,False,False,False
household_equal_additive,0.05,H52,"Depolama ve destek hizmetleri, taşımacılık için Warehousing and support services for transportation",0.9783167918265441,0.9999999999898495,0.021683208173455926,,False,False,False,False,False,False
household_equal_additive,0.05,H53,Posta ve kurye hizmetleri Postal and courier services,0.9860168737942211,1.0,0.013983126205778906,,False,False,False,False,False,False
household_equal_additive,0.05,I,Konaklama ve yiyecek hizmetleri Accommodation and food services,0.9955311258566154,1.0,0.0044688741433845935,,False,False,False,False,False,False
household_equal_additive,0.05,J58,Yayıncılık hizmetleri Publishing services,0.9854788639073654,1.0,0.014521136092634612,,False,False,False,False,False,False
household_equal_additive,0.05,J59_J60,"Sinema filmi, video ve televizyon programı yapımcılık hizmetleri, ses kaydı ve müzik yayımlama; programcılık ve yayıncılık hizmetleri Motion picture, video and television programme production services, sound recording and music publishing; programming and broadcasting services",0.9876352496674473,0.9999999999579006,0.012364750332552688,,False,False,False,False,False,False
household_equal_additive,0.05,J61,Telekomünikasyon hizmetleri Telecommunications services,0.9844643873450587,0.9999999999936635,0.0155356126549413,,False,False,False,False,False,False
household_equal_additive,0.05,J62_J63,"Bilgisayar programlama, danışmanlık ve ilgili hizmetler; bilgi hizmetleri Computer programming, consultancy and related services; Information services",0.9866430634039989,1.0,0.013356936596001123,,False,False,False,False,False,False
household_equal_additive,0.05,K64,"Finansal hizmetler (sigorta ve bireysel emeklilik hariç) Financial services, except insurance and pension funding",0.9697496758365065,0.9999999999523664,0.03025032416349349,,False,False,False,False,False,False
household_equal_additive,0.05,K65,"Sigorta, reasürans ve emeklilik fonları hizmetleri, zorunlu sosyal güvenlik hariç Insurance, reinsurance and pension funding services, except compulsory social security",0.9779050512693286,1.0,0.022094948730671415,,False,False,False,False,False,False
household_equal_additive,0.05,K66,Finansal hizmetler ile sigorta hizmetlerine yardımcı hizmetler Services auxiliary to financial services and insurance services,0.9892543826410555,1.0,0.010745617358944526,,False,False,False,False,False,False
household_equal_additive,0.05,L68B,Gayrimenkul hizmetleri Real estate services excluding imputed rents,0.9819809256274543,1.0,0.018019074372545685,,False,False,False,False,False,False
household_equal_additive,0.05,L68A,Kendi konutunda ikamet edenler için izafi kira Imputed rents of owner-occupied dwellings,1.0,1.0,0.0,,False,False,False,False,False,False
household_equal_additive,0.05,M69_M70,Hukuk ve muhasebe hizmetleri; idare merkezi hizmetleri; idari danışmanlık hizmetleri Legal and accounting services;Services of head offices; management consulting services,0.9649339490601424,1.0,0.035066050939857596,,False,False,False,False,False,False
household_equal_additive,0.05,M71,Mimarlık ve mühendislik hizmetleri; teknik test ve analiz hizmetleri Architectural and engineering services; technical testing and analysis services,0.9188461848125586,1.0,0.08115381518744136,,False,False,False,False,False,False
household_equal_additive,0.05,M72,Bilimsel araştırma ve geliştirme hizmetleri Scientific research and development services,0.999605788977302,0.9999999999999993,0.0003942110226979878,,False,False,False,False,False,False
household_equal_additive,0.05,M73,Reklamcılık ve pazar araştırması hizmetleri Advertising and market research services,0.9717397213465089,1.0,0.028260278653491122,,False,False,False,False,False,False
household_equal_additive,0.05,M74_M75,"Diğer mesleki, bilimsel ve teknik hizmetler; veterinerlik hizmetleri Other professional, scientific and technical services and veterinary services",0.9571439472454115,1.0,0.04285605275458848,,False,False,False,False,False,False
household_equal_additive,0.05,N77,Kiralama ve leasing hizmetleri Rental and leasing services,0.9537951766789462,1.0,0.0462048233210538,,False,False,False,False,False,False
household_equal_additive,0.05,N78,İstihdam hizmetleri Employment services,0.9825155979105102,0.9999999999983267,0.01748440208948976,,False,False,False,False,False,False
household_equal_additive,0.05,N79,"Seyahat acentesi, tur operatörü, diğer rezervasyon hizmetleri ve ilgili hizmetler Travel agency, tour operator and other reservation services and related services",0.9865262192315347,0.9999999999987594,0.013473780768465282,,False,False,False,False,False,False
household_equal_additive,0.05,N80-N82,"Güvenlik ve soruşturma hizmetleri; bina ve çevre düzenleme (peyzaj) hizmetleri; büro yönetimi, büro destek ve diğer iş destek hizmetleri Security and investigation services; services to buildings and landscape; office administrative, office support and other business support services",0.9565876502757343,1.0,0.043412349724265664,,False,False,False,False,False,False
household_equal_additive,0.05,O84,Kamu yönetimi ve savunma hizmetleri; zorunlu sosyal güvenlik hizmetleri Public administration and defence services; compulsory social security services,0.9864859963597605,1.0,0.01351400364023947,,False,False,False,False,False,False
household_equal_additive,0.05,P85,Eğitim hizmetleri Education services,0.9991335754040018,1.0,0.000866424595998172,,False,False,False,False,False,False
household_equal_additive,0.05,Q86,İnsan sağlığı hizmetleri Human health services,0.999179165002606,0.9999999999999992,0.0008208349973940487,,False,False,False,False,False,False
household_equal_additive,0.05,Q87_Q88,Yatılı bakım hizmetleri; barınacak yer sağlanmaksızın verilen sosyal hizmetler Residential care services; social work services without accommodation,0.9972772625259265,1.0,0.0027227374740734778,,False,False,False,False,False,False
household_equal_additive,0.05,R90-R92,"Yaratıcı sanatlar, gösteri sanatları ve eğlence hizmetleri; kütüphane, arşiv, müze ve diğer kültürel hizmetler; kumar ve müşterek bahis hizmetleri Creative, arts, entertainment, library, archive, museum, other cultural services; gambling and betting services",0.9987102395603698,0.9999999999999998,0.0012897604396302498,,False,False,False,False,False,False
household_equal_additive,0.05,R93,Spor hizmetleri ile eğlence ve dinlence hizmetleri Sporting services and amusement and recreation services,0.992934189524766,0.9999999999999994,0.0070658104752340245,,False,False,False,False,False,False
household_equal_additive,0.05,S94,Üye olunan kuruluşlar tarafından verilen hizmetler Services furnished by membership organisations,0.9980401213827619,1.0,0.00195987861723812,,False,False,False,False,False,False
household_equal_additive,0.05,S95,"Bilgisayarların, kişisel eşyaların ve ev eşyalarının onarımına ilişkin hizmetler Repair services of computers and personal and household goods",0.9871007824723786,0.9999999999986209,0.012899217527621354,,False,False,False,False,False,False
household_equal_additive,0.05,S96,Diğer kişisel hizmetler Other personal services,0.9935739348701684,1.0,0.006426065129831571,,False,False,False,False,False,False
household_equal_additive,0.05,T,Ev içi çalışan personelin işverenleri olarak hanehalklarının hizmetleri Services of households as employers; undifferentiated goods and services produced by households for own use,1.0,1.0,0.0,,False,False,False,False,False,False
household_monetary_additive,0.05,A01,"Tarım ve avcılık ürünleri ve ilgili hizmetler Products of agriculture, hunting and related services",0.9994025289438017,0.9999999999985216,0.0005974710561983398,,False,False,False,False,False,False
household_monetary_additive,0.05,A02,"Orman ürünleri ve ilgili hizmetler Products of forestry, logging and related services",0.9989303140913696,0.9999999999122777,0.0010696859086304356,,False,False,False,False,False,False
household_monetary_additive,0.05,A03,Balık ve diğer balıkçılık ürünleri; su ürünleri; balıkçılık için destekleyici hizmetler Fish and other fishing products; aquaculture products; support services to fishing,0.9999853234801023,0.9999999999516649,1.4676519897727225e-05,,False,False,False,False,False,False
household_monetary_additive,0.05,B,Madencilik ve taşocakçılığı Mining and quarrying,0.9928271927308863,1.0,0.0071728072691137346,,False,False,False,False,False,False
household_monetary_additive,0.05,C10-C12,"Gıda, içecekler ve tütün ürünleri Food, beverages and tobacco products",0.9992721579685169,1.0,0.000727842031483128,,False,False,False,False,False,False
household_monetary_additive,0.05,C13-C15,"Tekstil, giyim eşyası, deri ve ilgili ürünler Textiles, wearing apparel, leather and related products",0.9994699809022713,0.9999999999999961,0.0005300190977286512,,False,False,False,False,False,False
household_monetary_additive,0.05,C16,"Kereste, ağaç ürünleri ve mantar ürünleri (mobilya hariç); hasır ve örme malzemesinden (saz, saman vb.) ürünler Wood and of products of wood and cork, except furniture; articles of straw and plaiting materials",0.9979353052686643,0.9999999999999789,0.0020646947313357478,,False,False,False,False,False,False
household_monetary_additive,0.05,C17,Kağıt ve kağıt ürünleri Paper and paper products,0.9988812777513185,0.9999999999997504,0.0011187222486814807,,False,False,False,False,False,False
household_monetary_additive,0.05,C18,Basım ve kayıt hizmetleri Printing and recording services,0.9974368639272735,0.9999999999980709,0.002563136072726513,,False,False,False,False,False,False
household_monetary_additive,0.05,C19,Kok ve rafine petrol ürünleri Coke and refined petroleum products,0.9987407952966553,0.9999999999985834,0.0012592047033447296,,False,False,False,False,False,False
household_monetary_additive,0.05,C20,Kimyasallar ve kimyasal ürünler Chemicals and chemical products,0.9991404067694091,0.9999999999999474,0.0008595932305909271,,False,False,False,False,False,False
household_monetary_additive,0.05,C21,Temel eczacılık ürünleri ve müstahzarları Basic pharmaceutical products and pharmaceutical preparations,0.9993013299554822,0.9999999999999996,0.0006986700445178462,,False,False,False,False,False,False
household_monetary_additive,0.05,C22,Kauçuk ve plastik ürünler Rubber and plastic products,0.9987613956174101,0.999999999999983,0.0012386043825899362,,False,False,False,False,False,False
household_monetary_additive,0.05,C23,Diğer metalik olmayan mineral ürünleri Other non-metallic mineral products,0.9970424777832095,0.9999999999999969,0.0029575222167904647,,False,False,False,False,False,False
household_monetary_additive,0.05,C24,Ana metaller Basic metals,0.9990307014068495,0.999999999989171,0.000969298593150536,,False,False,False,False,False,False
household_monetary_additive,0.05,C25,"Fabrikasyon metal ürünler, makine ve ekipmanlar hariç Fabricated metal products, except machinery and equipment",0.9987933798956132,0.9999999993978482,0.0012066201043867686,,False,False,False,False,False,False
household_monetary_additive,0.05,C26,"Bilgisayarlar ile elektronik ve optik ürünler Computer, electronic and optical products",0.9960594745690434,1.0,0.003940525430956576,,False,False,False,False,False,False
household_monetary_additive,0.05,C27,Elektrikli teçhizat Electrical equipment,0.9984613803911395,0.9999999998773743,0.0015386196088604809,,False,False,False,False,False,False
household_monetary_additive,0.05,C28,Başka yerde sınıflandırılmamış makine ve ekipmanlar Machinery and equipment n.e.c.,0.9993898616433743,0.999999999997085,0.0006101383566257113,,False,False,False,False,False,False
household_monetary_additive,0.05,C29,"Motorlu kara taşıtları, treyler (römork) ve yarı treyler (yarı römork) Motor vehicles, trailers and semi-trailers",0.9997464438114724,0.9999999991425538,0.00025355618852762607,,False,False,False,False,False,False
household_monetary_additive,0.05,C30,Diğer ulaşım araçları Other transport equipment,0.9992391290120871,0.9999999999989688,0.0007608709879128872,,False,False,False,False,False,False
household_monetary_additive,0.05,C31_C32,Mobilya ve diğer mamul eşyalar Furniture and other manufactured goods,0.999000949511947,1.0,0.0009990504880530438,,False,False,False,False,False,False
household_monetary_additive,0.05,C33,Makine ve ekipmanların kurulumu ve onarımı Repair and installation services of machinery and equipment,0.9982987588903415,0.9999999999994339,0.0017012411096585245,,False,False,False,False,False,False
household_monetary_additive,0.05,D35,"Elektrik, gaz, buhar ve iklimlendirme Electricity, gas, steam and air conditioning",0.95,0.98480378447861,0.050000000000000044,,True,True,True,False,False,True
household_monetary_additive,0.05,E36,Doğal su; suyun arıtılması ve temini hizmetleri Natural water; water treatment and supply services,0.9998231723722091,0.9999999999650857,0.00017682762779092087,,False,False,False,False,False,False
household_monetary_additive,0.05,E37-E39,"Kanalizasyon hizmetleri, kanalizasyon çamuru; atığın toplanması, işlenmesi ve bertarafı; maddelerin geri kazanımı; iyileştirme hizmetleri ve diğer atık yönetimi hizmetleri Sewerage services; sewage sludge; waste collection, treatment and disposal services; materials recovery services; remediation services and other wa...",0.9978747266542125,0.99999999999948,0.002125273345787493,,False,False,False,False,False,False
household_monetary_additive,0.05,F,İnşaatlar ve inşaat işleri Constructions and construction works,0.9999135864872339,0.9999999999998301,8.641351276605924e-05,,False,False,False,False,False,False
household_monetary_additive,0.05,G45,Toptan ve perakende ticaret ile motorlu kara taşıtlarının ve motosikletlerin onarım hizmetleri Wholesale and retail trade and repair services of motor vehicles and motorcycles,0.9986897427902356,1.0,0.0013102572097644094,,False,False,False,False,False,False
household_monetary_additive,0.05,G46,"Toptan ticaret, motorlu kara taşıtları ve motosikletler hariç Wholesale trade services, except of motor vehicles and motorcycles",0.9988888309984782,1.0,0.0011111690015217501,,False,False,False,False,False,False
household_monetary_additive,0.05,G47,"Perakende ticaret (motorlu kara taşıtları ve motosikletler hariç) Retail trade services, except of motor vehicles and motorcycles",0.9989999046135408,0.999999999998083,0.0010000953864591766,,False,False,False,False,False,False
household_monetary_additive,0.05,H49,Kara taşımacılığı ve boru hattı taşımacılığı hizmetleri Land transport services and transport services via pipelines,0.9985494741335115,1.0,0.0014505258664885279,,False,False,False,False,False,False
household_monetary_additive,0.05,H50,Su yolu taşımacılığı hizmetleri Water transport services,0.9993773551692955,0.9999999997930878,0.0006226448307045107,,False,False,False,False,False,False
household_monetary_additive,0.05,H51,Hava yolu taşımacılığı hizmetleri Air transport services,0.999553881663906,0.9999999999944119,0.0004461183360939813,,False,False,False,False,False,False
household_monetary_additive,0.05,H52,"Depolama ve destek hizmetleri, taşımacılık için Warehousing and support services for transportation",0.9955167215545089,0.9999999999738316,0.004483278445491123,,False,False,False,False,False,False
household_monetary_additive,0.05,H53,Posta ve kurye hizmetleri Postal and courier services,0.9980972508196833,0.9999999999766858,0.001902749180316743,,False,False,False,False,False,False
household_monetary_additive,0.05,I,Konaklama ve yiyecek hizmetleri Accommodation and food services,0.999012790592577,1.0,0.0009872094074230287,,False,False,False,False,False,False
household_monetary_additive,0.05,J58,Yayıncılık hizmetleri Publishing services,0.99790472311601,1.0,0.002095276883990027,,False,False,False,False,False,False
household_monetary_additive,0.05,J59_J60,"Sinema filmi, video ve televizyon programı yapımcılık hizmetleri, ses kaydı ve müzik yayımlama; programcılık ve yayıncılık hizmetleri Motion picture, video and television programme production services, sound recording and music publishing; programming and broadcasting services",0.9971387948378473,0.9999999999575866,0.0028612051621527135,,False,False,False,False,False,False
household_monetary_additive,0.05,J61,Telekomünikasyon hizmetleri Telecommunications services,0.9976421736615435,1.0,0.0023578263384564924,,False,False,False,False,False,False
household_monetary_additive,0.05,J62_J63,"Bilgisayar programlama, danışmanlık ve ilgili hizmetler; bilgi hizmetleri Computer programming, consultancy and related services; Information services",0.9972435203743275,0.999999999997481,0.002756479625672492,,False,False,False,False,False,False
household_monetary_additive,0.05,K64,"Finansal hizmetler (sigorta ve bireysel emeklilik hariç) Financial services, except insurance and pension funding",0.9946224053155345,1.0,0.005377594684465525,,False,False,False,False,False,False
household_monetary_additive,0.05,K65,"Sigorta, reasürans ve emeklilik fonları hizmetleri, zorunlu sosyal güvenlik hariç Insurance, reinsurance and pension funding services, except compulsory social security",0.995845526648122,0.9999999999999646,0.004154473351878019,,False,False,False,False,False,False
household_monetary_additive,0.05,K66,Finansal hizmetler ile sigorta hizmetlerine yardımcı hizmetler Services auxiliary to financial services and insurance services,0.9949401735196759,0.9999999999971247,0.005059826480324103,,False,False,False,False,False,False
household_monetary_additive,0.05,L68B,Gayrimenkul hizmetleri Real estate services excluding imputed rents,0.683391433523422,0.318762371756661,0.316608566476578,,True,True,True,True,True,True
household_monetary_additive,0.05,L68A,Kendi konutunda ikamet edenler için izafi kira Imputed rents of owner-occupied dwellings,1.0,1.0,0.0,,False,False,False,False,False,False
household_monetary_additive,0.05,M69_M70,Hukuk ve muhasebe hizmetleri; idare merkezi hizmetleri; idari danışmanlık hizmetleri Legal and accounting services;Services of head offices; management consulting services,0.9870753995488089,1.0,0.012924600451191148,,False,False,False,False,False,False
household_monetary_additive,0.05,M71,Mimarlık ve mühendislik hizmetleri; teknik test ve analiz hizmetleri Architectural and engineering services; technical testing and analysis services,0.9921543214464379,1.0,0.007845678553562108,,False,False,False,False,False,False
household_monetary_additive,0.05,M72,Bilimsel araştırma ve geliştirme hizmetleri Scientific research and development services,0.9999251818593324,0.9999999999995646,7.48181406675652e-05,,False,False,False,False,False,False
household_monetary_additive,0.05,M73,Reklamcılık ve pazar araştırması hizmetleri Advertising and market research services,0.993969657624282,1.0,0.006030342375717979,,False,False,False,False,False,False
household_monetary_additive,0.05,M74_M75,"Diğer mesleki, bilimsel ve teknik hizmetler; veterinerlik hizmetleri Other professional, scientific and technical services and veterinary services",0.9956387369411485,0.9999999999999201,0.004361263058851539,,False,False,False,False,False,False
household_monetary_additive,0.05,N77,Kiralama ve leasing hizmetleri Rental and leasing services,0.9936122207503307,0.999999999999889,0.006387779249669268,,False,False,False,False,False,False
household_monetary_additive,0.05,N78,İstihdam hizmetleri Employment services,0.9972392940919869,0.9999999999984156,0.002760705908013139,,False,False,False,False,False,False
household_monetary_additive,0.05,N79,"Seyahat acentesi, tur operatörü, diğer rezervasyon hizmetleri ve ilgili hizmetler Travel agency, tour operator and other reservation services and related services",0.9975237647882813,0.9999999999987343,0.0024762352117186914,,False,False,False,False,False,False
household_monetary_additive,0.05,N80-N82,"Güvenlik ve soruşturma hizmetleri; bina ve çevre düzenleme (peyzaj) hizmetleri; büro yönetimi, büro destek ve diğer iş destek hizmetleri Security and investigation services; services to buildings and landscape; office administrative, office support and other business support services",0.9842776414031922,1.0,0.015722358596807817,,False,False,False,False,False,False
household_monetary_additive,0.05,O84,Kamu yönetimi ve savunma hizmetleri; zorunlu sosyal güvenlik hizmetleri Public administration and defence services; compulsory social security services,0.9989998206300515,0.9999999999999948,0.0010001793699484507,,False,False,False,False,False,False
household_monetary_additive,0.05,P85,Eğitim hizmetleri Education services,0.9998856657717619,0.9999999999999996,0.00011433422823814432,,False,False,False,False,False,False
household_monetary_additive,0.05,Q86,İnsan sağlığı hizmetleri Human health services,0.9997703895926634,0.9999999999999982,0.0002296104073366001,,False,False,False,False,False,False
household_monetary_additive,0.05,Q87_Q88,Yatılı bakım hizmetleri; barınacak yer sağlanmaksızın verilen sosyal hizmetler Residential care services; social work services without accommodation,0.9994940365506987,0.9999999999999999,0.0005059634493013165,,False,False,False,False,False,False
household_monetary_additive,0.05,R90-R92,"Yaratıcı sanatlar, gösteri sanatları ve eğlence hizmetleri; kütüphane, arşiv, müze ve diğer kültürel hizmetler; kumar ve müşterek bahis hizmetleri Creative, arts, entertainment, library, archive, museum, other cultural services; gambling and betting services",0.9996729079692719,0.9999999999999996,0.00032709203072811555,,False,False,False,False,False,False
household_monetary_additive,0.05,R93,Spor hizmetleri ile eğlence ve dinlence hizmetleri Sporting services and amusement and recreation services,0.9982258578392708,0.9999999999999982,0.0017741421607292418,,False,False,False,False,False,False
household_monetary_additive,0.05,S94,Üye olunan kuruluşlar tarafından verilen hizmetler Services furnished by membership organisations,0.999737410954593,0.9999999999999997,0.00026258904540699124,,False,False,False,False,False,False
household_monetary_additive,0.05,S95,"Bilgisayarların, kişisel eşyaların ve ev eşyalarının onarımına ilişkin hizmetler Repair services of computers and personal and household goods",0.9989161041785565,0.9999999999975949,0.0010838958214435257,,False,False,False,False,False,False
household_monetary_additive,0.05,S96,Diğer kişisel hizmetler Other personal services,0.9987192689918509,1.0,0.001280731008149072,,False,False,False,False,False,False
household_monetary_additive,0.05,T,Ev içi çalışan personelin işverenleri olarak hanehalklarının hizmetleri Services of households as employers; undifferentiated goods and services produced by households for own use,1.0,1.0,0.0,,False,False,False,False,False,False
household_lexicographic_maxmin,0.05,A01,"Tarım ve avcılık ürünleri ve ilgili hizmetler Products of agriculture, hunting and related services",0.9398937572030023,0.9398699418893326,0.06010624279699772,0.9398699428907349,True,True,True,True,False,True
household_lexicographic_maxmin,0.05,A02,"Orman ürünleri ve ilgili hizmetler Products of forestry, logging and related services",0.9399218818811311,0.9398699418082717,0.06007811811886887,0.9398699428907349,True,True,True,True,False,True
household_lexicographic_maxmin,0.05,A03,Balık ve diğer balıkçılık ürünleri; su ürünleri; balıkçılık için destekleyici hizmetler Fish and other fishing products; aquaculture products; support services to fishing,0.9398704474966817,0.9398699418452074,0.060129552503318306,0.9398699428907349,True,True,True,True,False,True
household_lexicographic_maxmin,0.05,B,Madencilik ve taşocakçılığı Mining and quarrying,0.9410983273123769,0.9398699418907375,0.05890167268762314,0.9398699428907349,True,True,True,True,False,True
household_lexicographic_maxmin,0.05,C10-C12,"Gıda, içecekler ve tütün ürünleri Food, beverages and tobacco products",0.9398890020901183,0.9398699418907348,0.060110997909881725,0.9398699428907349,True,True,True,True,False,True
household_lexicographic_maxmin,0.05,C13-C15,"Tekstil, giyim eşyası, deri ve ilgili ürünler Textiles, wearing apparel, leather and related products",0.9398902285003956,0.9398699418907351,0.06010977149960439,0.9398699428907349,True,True,True,True,False,True
household_lexicographic_maxmin,0.05,C16,"Kereste, ağaç ürünleri ve mantar ürünleri (mobilya hariç); hasır ve örme malzemesinden (saz, saman vb.) ürünler Wood and of products of wood and cork, except furniture; articles of straw and plaiting materials",0.9399705807809178,0.9398699418907337,0.060029419219082225,0.9398699428907349,True,True,True,True,False,True
household_lexicographic_maxmin,0.05,C17,Kağıt ve kağıt ürünleri Paper and paper products,0.9399274153365994,0.939869941890735,0.0600725846634006,0.9398699428907349,True,True,True,True,False,True
household_lexicographic_maxmin,0.05,C18,Basım ve kayıt hizmetleri Printing and recording services,0.9399833233906145,0.9398788327090024,0.06001667660938548,0.9398699428907349,True,True,True,True,False,True
household_lexicographic_maxmin,0.05,C19,Kok ve rafine petrol ürünleri Coke and refined petroleum products,0.9400080300935404,0.9398699418894011,0.05999196990645961,0.9398699428907349,True,True,True,True,False,True
household_lexicographic_maxmin,0.05,C20,Kimyasallar ve kimyasal ürünler Chemicals and chemical products,0.9399215271053779,0.9398699418907452,0.06007847289462209,0.9398699428907349,True,True,True,True,False,True
household_lexicographic_maxmin,0.05,C21,Temel eczacılık ürünleri ve müstahzarları Basic pharmaceutical products and pharmaceutical preparations,0.9398848288587203,0.9398699418907333,0.06011517114127973,0.9398699428907349,True,True,True,True,False,True
household_lexicographic_maxmin,0.05,C22,Kauçuk ve plastik ürünler Rubber and plastic products,0.9399359673345035,0.9398699418907375,0.060064032665496536,0.9398699428907349,True,True,True,True,False,True
household_lexicographic_maxmin,0.05,C23,Diğer metalik olmayan mineral ürünleri Other non-metallic mineral products,0.9399746304346015,0.9398699418907333,0.0600253695653985,0.9398699428907349,True,True,True,True,False,True
household_lexicographic_maxmin,0.05,C24,Ana metaller Basic metals,0.9399575428112545,0.9398699418805323,0.06004245718874546,0.9398699428907349,True,True,True,True,False,True
household_lexicographic_maxmin,0.05,C25,"Fabrikasyon metal ürünler, makine ve ekipmanlar hariç Fabricated metal products, except machinery and equipment",0.9399666102102932,0.9398699413237159,0.06003338978970685,0.9398699428907349,True,True,True,True,False,True
household_lexicographic_maxmin,0.05,C26,"Bilgisayarlar ile elektronik ve optik ürünler Computer, electronic and optical products",0.9403159224906286,0.9398699418906,0.059684077509371436,0.9398699428907349,True,True,True,True,False,True
household_lexicographic_maxmin,0.05,C27,Elektrikli teçhizat Electrical equipment,0.940045398057777,0.9398699417754813,0.05995460194222302,0.9398699428907349,True,True,True,True,False,True
household_lexicographic_maxmin,0.05,C28,Başka yerde sınıflandırılmamış makine ve ekipmanlar Machinery and equipment n.e.c.,0.9399266190465436,0.9398699418879608,0.06007338095345638,0.9398699428907349,True,True,True,True,False,True
household_lexicographic_maxmin,0.05,C29,"Motorlu kara taşıtları, treyler (römork) ve yarı treyler (yarı römork) Motor vehicles, trailers and semi-trailers",0.939884645374339,0.9398699410825919,0.06011535462566098,0.9398699428907349,True,True,True,True,False,True
household_lexicographic_maxmin,0.05,C30,Diğer ulaşım araçları Other transport equipment,0.939888039910124,0.9398699418897647,0.06011196008987596,0.9398699428907349,True,True,True,True,False,True
household_lexicographic_maxmin,0.05,C31_C32,Mobilya ve diğer mamul eşyalar Furniture and other manufactured goods,0.939895813489763,0.9398699418907308,0.06010418651023697,0.9398699428907349,True,True,True,True,False,True
household_lexicographic_maxmin,0.05,C33,Makine ve ekipmanların kurulumu ve onarımı Repair and installation services of machinery and equipment,0.9400631242663408,0.9398699418907396,0.059936875733659245,0.9398699428907349,True,True,True,True,False,True
household_lexicographic_maxmin,0.05,D35,"Elektrik, gaz, buhar ve iklimlendirme Electricity, gas, steam and air conditioning",0.95,0.9848037844805293,0.050000000000000044,0.9398699428907349,True,True,True,False,False,True
household_lexicographic_maxmin,0.05,E36,Doğal su; suyun arıtılması ve temini hizmetleri Natural water; water treatment and supply services,0.9398786549317606,0.9398699418578443,0.06012134506823941,0.9398699428907349,True,True,True,True,False,True
household_lexicographic_maxmin,0.05,E37-E39,"Kanalizasyon hizmetleri, kanalizasyon çamuru; atığın toplanması, işlenmesi ve bertarafı; maddelerin geri kazanımı; iyileştirme hizmetleri ve diğer atık yönetimi hizmetleri Sewerage services; sewage sludge; waste collection, treatment and disposal services; materials recovery services; remediation services and other wa...",0.9399908216986518,0.939869941888887,0.06000917830134822,0.9398699428907349,True,True,True,True,False,True
household_lexicographic_maxmin,0.05,F,İnşaatlar ve inşaat işleri Constructions and construction works,0.9398765907887565,0.9398699418905749,0.060123409211243484,0.9398699428907349,True,True,True,True,False,True
household_lexicographic_maxmin,0.05,G45,Toptan ve perakende ticaret ile motorlu kara taşıtlarının ve motosikletlerin onarım hizmetleri Wholesale and retail trade and repair services of motor vehicles and motorcycles,0.9399502859965289,0.9398699418908524,0.060049714003471144,0.9398699428907349,True,True,True,True,False,True
household_lexicographic_maxmin,0.05,G46,"Toptan ticaret, motorlu kara taşıtları ve motosikletler hariç Wholesale trade services, except of motor vehicles and motorcycles",0.9399656645270699,0.9398699418907364,0.060034335472930134,0.9398699428907349,True,True,True,True,False,True
household_lexicographic_maxmin,0.05,G47,"Perakende ticaret (motorlu kara taşıtları ve motosikletler hariç) Retail trade services, except of motor vehicles and motorcycles",0.9399462456844276,0.939869941891029,0.06005375431557236,0.9398699428907349,True,True,True,True,False,True
household_lexicographic_maxmin,0.05,H49,Kara taşımacılığı ve boru hattı taşımacılığı hizmetleri Land transport services and transport services via pipelines,0.9399944753287796,0.9398699418907328,0.060005524671220445,0.9398699428907349,True,True,True,True,False,True
household_lexicographic_maxmin,0.05,H50,Su yolu taşımacılığı hizmetleri Water transport services,0.9399337021462406,0.9398699416948466,0.06006629785375939,0.9398699428907349,True,True,True,True,False,True
household_lexicographic_maxmin,0.05,H51,Hava yolu taşımacılığı hizmetleri Air transport services,0.939890142916733,0.9398699418853614,0.06010985708326699,0.9398699428907349,True,True,True,True,False,True
household_lexicographic_maxmin,0.05,H52,"Depolama ve destek hizmetleri, taşımacılık için Warehousing and support services for transportation",0.9400810171829329,0.939869941880918,0.05991898281706709,0.9398699428907349,True,True,True,True,False,True
household_lexicographic_maxmin,0.05,H53,Posta ve kurye hizmetleri Postal and courier services,0.9399767238379785,0.9398699418907548,0.06002327616202152,0.9398699428907349,True,True,True,True,False,True
household_lexicographic_maxmin,0.05,I,Konaklama ve yiyecek hizmetleri Accommodation and food services,0.9398856262941443,0.9398699418907285,0.060114373705855706,0.9398699428907349,True,True,True,True,False,True
household_lexicographic_maxmin,0.05,J58,Yayıncılık hizmetleri Publishing services,0.9399615621752243,0.9398699418907466,0.06003843782477569,0.9398699428907349,True,True,True,True,False,True
household_lexicographic_maxmin,0.05,J59_J60,"Sinema filmi, video ve televizyon programı yapımcılık hizmetleri, ses kaydı ve müzik yayımlama; programcılık ve yayıncılık hizmetleri Motion picture, video and television programme production services, sound recording and music publishing; programming and broadcasting services",0.9399403568664528,0.9398699418508604,0.06005964313354717,0.9398699428907349,True,True,True,True,False,True
household_lexicographic_maxmin,0.05,J61,Telekomünikasyon hizmetleri Telecommunications services,0.9399518196156283,0.9398699418901603,0.06004818038437165,0.9398699428907349,True,True,True,True,False,True
household_lexicographic_maxmin,0.05,J62_J63,"Bilgisayar programlama, danışmanlık ve ilgili hizmetler; bilgi hizmetleri Computer programming, consultancy and related services; Information services",0.9399715681939806,0.9398699418894896,0.060028431806019356,0.9398699428907349,True,True,True,True,False,True
household_lexicographic_maxmin,0.05,K64,"Finansal hizmetler (sigorta ve bireysel emeklilik hariç) Financial services, except insurance and pension funding",0.9403728813596994,0.9398699418896199,0.05962711864030057,0.9398699428907349,True,True,True,True,False,True
household_lexicographic_maxmin,0.05,K65,"Sigorta, reasürans ve emeklilik fonları hizmetleri, zorunlu sosyal güvenlik hariç Insurance, reinsurance and pension funding services, except compulsory social security",0.9402371821569927,0.9398699418907162,0.0597628178430073,0.9398699428907349,True,True,True,True,False,True
household_lexicographic_maxmin,0.05,K66,Finansal hizmetler ile sigorta hizmetlerine yardımcı hizmetler Services auxiliary to financial services and insurance services,0.9399910461433788,0.9398699418904486,0.060008953856621194,0.9398699428907349,True,True,True,True,False,True
household_lexicographic_maxmin,0.05,L68B,Gayrimenkul hizmetleri Real estate services excluding imputed rents,0.9399612413806376,0.9398699418907498,0.060038758619362365,0.9398699428907349,True,True,True,True,False,True
household_lexicographic_maxmin,0.05,L68A,Kendi konutunda ikamet edenler için izafi kira Imputed rents of owner-occupied dwellings,0.9398699418907349,0.9398699418907349,0.06013005810926508,0.9398699428907349,True,True,True,True,False,True
household_lexicographic_maxmin,0.05,M69_M70,Hukuk ve muhasebe hizmetleri; idare merkezi hizmetleri; idari danışmanlık hizmetleri Legal and accounting services;Services of head offices; management consulting services,0.9402189864015402,0.9398699418914171,0.059781013598459776,0.9398699428907349,True,True,True,True,False,True
household_lexicographic_maxmin,0.05,M71,Mimarlık ve mühendislik hizmetleri; teknik test ve analiz hizmetleri Architectural and engineering services; technical testing and analysis services,0.9405432241400724,0.9398699418907368,0.05945677585992759,0.9398699428907349,True,True,True,True,False,True
household_lexicographic_maxmin,0.05,M72,Bilimsel araştırma ve geliştirme hizmetleri Scientific research and development services,0.9398713318447859,0.9398699418907355,0.060128668155214116,0.9398699428907349,True,True,True,True,False,True
household_lexicographic_maxmin,0.05,M73,Reklamcılık ve pazar araştırması hizmetleri Advertising and market research services,0.9400368394809248,0.9398699418953411,0.05996316051907524,0.9398699428907349,True,True,True,True,False,True
household_lexicographic_maxmin,0.05,M74_M75,"Diğer mesleki, bilimsel ve teknik hizmetler; veterinerlik hizmetleri Other professional, scientific and technical services and veterinary services",0.9401006785828152,0.9398699418905649,0.05989932141718479,0.9398699428907349,True,True,True,True,False,True
household_lexicographic_maxmin,0.05,N77,Kiralama ve leasing hizmetleri Rental and leasing services,0.9403150328524547,0.9398699418907328,0.05968496714754534,0.9398699428907349,True,True,True,True,False,True
household_lexicographic_maxmin,0.05,N78,İstihdam hizmetleri Employment services,0.9400599399161639,0.9398699418891214,0.05994006008383612,0.9398699428907349,True,True,True,True,False,True
household_lexicographic_maxmin,0.05,N79,"Seyahat acentesi, tur operatörü, diğer rezervasyon hizmetleri ve ilgili hizmetler Travel agency, tour operator and other reservation services and related services",0.9399122778710013,0.9398699418895434,0.06008772212899871,0.9398699428907349,True,True,True,True,False,True
household_lexicographic_maxmin,0.05,N80-N82,"Güvenlik ve soruşturma hizmetleri; bina ve çevre düzenleme (peyzaj) hizmetleri; büro yönetimi, büro destek ve diğer iş destek hizmetleri Security and investigation services; services to buildings and landscape; office administrative, office support and other business support services",0.9403113081951477,0.9398699418907253,0.059688691804852256,0.9398699428907349,True,True,True,True,False,True
household_lexicographic_maxmin,0.05,O84,Kamu yönetimi ve savunma hizmetleri; zorunlu sosyal güvenlik hizmetleri Public administration and defence services; compulsory social security services,0.9399848336565533,0.9398699418907339,0.060015166343446724,0.9398699428907349,True,True,True,True,False,True
household_lexicographic_maxmin,0.05,P85,Eğitim hizmetleri Education services,0.9398755401316556,0.9398699418907348,0.06012445986834436,0.9398699428907349,True,True,True,True,False,True
household_lexicographic_maxmin,0.05,Q86,İnsan sağlığı hizmetleri Human health services,0.9398729908989611,0.9398699418907335,0.06012700910103885,0.9398699428907349,True,True,True,True,False,True
household_lexicographic_maxmin,0.05,Q87_Q88,Yatılı bakım hizmetleri; barınacak yer sağlanmaksızın verilen sosyal hizmetler Residential care services; social work services without accommodation,0.939879729892123,0.9398699418907346,0.060120270107877016,0.9398699428907349,True,True,True,True,False,True
household_lexicographic_maxmin,0.05,R90-R92,"Yaratıcı sanatlar, gösteri sanatları ve eğlence hizmetleri; kütüphane, arşiv, müze ve diğer kültürel hizmetler; kumar ve müşterek bahis hizmetleri Creative, arts, entertainment, library, archive, museum, other cultural services; gambling and betting services",0.9398751774809767,0.9398699418907347,0.06012482251902329,0.9398699428907349,True,True,True,True,False,True
household_lexicographic_maxmin,0.05,R93,Spor hizmetleri ile eğlence ve dinlence hizmetleri Sporting services and amusement and recreation services,0.939897059065935,0.9398699418907349,0.060102940934064986,0.9398699428907349,True,True,True,True,False,True
household_lexicographic_maxmin,0.05,S94,Üye olunan kuruluşlar tarafından verilen hizmetler Services furnished by membership organisations,0.9398878830423786,0.9398699418907351,0.06011211695762142,0.9398699428907349,True,True,True,True,False,True
household_lexicographic_maxmin,0.05,S95,"Bilgisayarların, kişisel eşyaların ve ev eşyalarının onarımına ilişkin hizmetler Repair services of computers and personal and household goods",0.9399023256925785,0.9398699418881975,0.06009767430742152,0.9398699428907349,True,True,True,True,False,True
household_lexicographic_maxmin,0.05,S96,Diğer kişisel hizmetler Other personal services,0.939890043589606,0.9398699418907354,0.06010995641039396,0.9398699428907349,True,True,True,True,False,True
household_lexicographic_maxmin,0.05,T,Ev içi çalışan personelin işverenleri olarak hanehalklarının hizmetleri Services of households as employers; undifferentiated goods and services produced by households for own use,1.0,1.0,0.0,0.9398699428907349,False,False,False,False,False,False
household_max_output_reference,0.05,A01,"Tarım ve avcılık ürünleri ve ilgili hizmetler Products of agriculture, hunting and related services",0.9994025289438296,0.9999999999985133,0.0005974710561703622,,False,False,False,False,False,False
household_max_output_reference,0.05,A02,"Orman ürünleri ve ilgili hizmetler Products of forestry, logging and related services",0.9989303140912837,0.9999999999122773,0.0010696859087162558,,False,False,False,False,False,False
household_max_output_reference,0.05,A03,Balık ve diğer balıkçılık ürünleri; su ürünleri; balıkçılık için destekleyici hizmetler Fish and other fishing products; aquaculture products; support services to fishing,0.9999853234801034,0.9999999999516658,1.4676519896617002e-05,,False,False,False,False,False,False
household_max_output_reference,0.05,B,Madencilik ve taşocakçılığı Mining and quarrying,0.9928271927309498,0.9999999999999911,0.00717280726905023,,False,False,False,False,False,False
household_max_output_reference,0.05,C10-C12,"Gıda, içecekler ve tütün ürünleri Food, beverages and tobacco products",0.9992721579685223,1.0,0.0007278420314776879,,False,False,False,False,False,False
household_max_output_reference,0.05,C13-C15,"Tekstil, giyim eşyası, deri ve ilgili ürünler Textiles, wearing apparel, leather and related products",0.9994699809022763,1.0,0.0005300190977236552,,False,False,False,False,False,False
household_max_output_reference,0.05,C16,"Kereste, ağaç ürünleri ve mantar ürünleri (mobilya hariç); hasır ve örme malzemesinden (saz, saman vb.) ürünler Wood and of products of wood and cork, except furniture; articles of straw and plaiting materials",0.997935305268689,1.0,0.00206469473131099,,False,False,False,False,False,False
household_max_output_reference,0.05,C17,Kağıt ve kağıt ürünleri Paper and paper products,0.998881277751038,0.9999999999996191,0.001118722248962034,,False,False,False,False,False,False
household_max_output_reference,0.05,C18,Basım ve kayıt hizmetleri Printing and recording services,0.9974368639252762,0.9999999998982876,0.002563136074723804,,False,False,False,False,False,False
household_max_output_reference,0.05,C19,Kok ve rafine petrol ürünleri Coke and refined petroleum products,0.9987407952971165,0.9999999999985832,0.001259204702883543,,False,False,False,False,False,False
household_max_output_reference,0.05,C20,Kimyasallar ve kimyasal ürünler Chemicals and chemical products,0.999140406769548,1.0,0.0008595932304520382,,False,False,False,False,False,False
household_max_output_reference,0.05,C21,Temel eczacılık ürünleri ve müstahzarları Basic pharmaceutical products and pharmaceutical preparations,0.9993013299555216,0.9999999999999998,0.0006986700444784333,,False,False,False,False,False,False
household_max_output_reference,0.05,C22,Kauçuk ve plastik ürünler Rubber and plastic products,0.998761395618026,1.0,0.0012386043819739845,,False,False,False,False,False,False
household_max_output_reference,0.05,C23,Diğer metalik olmayan mineral ürünleri Other non-metallic mineral products,0.9970424777832385,0.9999999999999964,0.002957522216761488,,False,False,False,False,False,False
household_max_output_reference,0.05,C24,Ana metaller Basic metals,0.9990307014066001,0.9999999999881453,0.0009692985933998921,,False,False,False,False,False,False
household_max_output_reference,0.05,C25,"Fabrikasyon metal ürünler, makine ve ekipmanlar hariç Fabricated metal products, except machinery and equipment",0.9987933798973389,0.9999999994010909,0.001206620102661149,,False,False,False,False,False,False
household_max_output_reference,0.05,C26,"Bilgisayarlar ile elektronik ve optik ürünler Computer, electronic and optical products",0.9960594745689121,1.0,0.003940525431087916,,False,False,False,False,False,False
household_max_output_reference,0.05,C27,Elektrikli teçhizat Electrical equipment,0.9984613803911604,0.999999999877373,0.0015386196088396087,,False,False,False,False,False,False
household_max_output_reference,0.05,C28,Başka yerde sınıflandırılmamış makine ve ekipmanlar Machinery and equipment n.e.c.,0.9993898616434898,0.9999999999971549,0.0006101383565102481,,False,False,False,False,False,False
household_max_output_reference,0.05,C29,"Motorlu kara taşıtları, treyler (römork) ve yarı treyler (yarı römork) Motor vehicles, trailers and semi-trailers",0.999746443811553,0.9999999991425547,0.0002535561884470239,,False,False,False,False,False,False
household_max_output_reference,0.05,C30,Diğer ulaşım araçları Other transport equipment,0.9992391290123009,0.9999999999991753,0.0007608709876990583,,False,False,False,False,False,False
household_max_output_reference,0.05,C31_C32,Mobilya ve diğer mamul eşyalar Furniture and other manufactured goods,0.9990009495112694,0.9999999999991884,0.0009990504887306129,,False,False,False,False,False,False
household_max_output_reference,0.05,C33,Makine ve ekipmanların kurulumu ve onarımı Repair and installation services of machinery and equipment,0.9982987588902978,0.9999999999995344,0.0017012411097021563,,False,False,False,False,False,False
household_max_output_reference,0.05,D35,"Elektrik, gaz, buhar ve iklimlendirme Electricity, gas, steam and air conditioning",0.95,0.9848037844805408,0.050000000000000044,,True,True,True,False,False,True
household_max_output_reference,0.05,E36,Doğal su; suyun arıtılması ve temini hizmetleri Natural water; water treatment and supply services,0.9998231723721503,0.9999999999650848,0.00017682762784965167,,False,False,False,False,False,False
household_max_output_reference,0.05,E37-E39,"Kanalizasyon hizmetleri, kanalizasyon çamuru; atığın toplanması, işlenmesi ve bertarafı; maddelerin geri kazanımı; iyileştirme hizmetleri ve diğer atık yönetimi hizmetleri Sewerage services; sewage sludge; waste collection, treatment and disposal services; materials recovery services; remediation services and other wa...",0.997874726646221,0.9999999999732947,0.002125273353778989,,False,False,False,False,False,False
household_max_output_reference,0.05,F,İnşaatlar ve inşaat işleri Constructions and construction works,0.9999135864871839,0.9999999999998298,8.64135128161303e-05,,False,False,False,False,False,False
household_max_output_reference,0.05,G45,Toptan ve perakende ticaret ile motorlu kara taşıtlarının ve motosikletlerin onarım hizmetleri Wholesale and retail trade and repair services of motor vehicles and motorcycles,0.9986897427916172,1.0,0.0013102572083828479,,False,False,False,False,False,False
household_max_output_reference,0.05,G46,"Toptan ticaret, motorlu kara taşıtları ve motosikletler hariç Wholesale trade services, except of motor vehicles and motorcycles",0.9988888309984282,1.0,0.0011111690015718212,,False,False,False,False,False,False
household_max_output_reference,0.05,G47,"Perakende ticaret (motorlu kara taşıtları ve motosikletler hariç) Retail trade services, except of motor vehicles and motorcycles",0.9989999046149792,1.0,0.0010000953850207717,,False,False,False,False,False,False
household_max_output_reference,0.05,H49,Kara taşımacılığı ve boru hattı taşımacılığı hizmetleri Land transport services and transport services via pipelines,0.9985494741356506,1.0,0.0014505258643493502,,False,False,False,False,False,False
household_max_output_reference,0.05,H50,Su yolu taşımacılığı hizmetleri Water transport services,0.9993773551694121,0.9999999997929993,0.0006226448305879373,,False,False,False,False,False,False
household_max_output_reference,0.05,H51,Hava yolu taşımacılığı hizmetleri Air transport services,0.9995538816639581,0.9999999999943252,0.00044611833604191187,,False,False,False,False,False,False
household_max_output_reference,0.05,H52,"Depolama ve destek hizmetleri, taşımacılık için Warehousing and support services for transportation",0.9955167215584951,0.999999999989575,0.004483278441504868,,False,False,False,False,False,False
household_max_output_reference,0.05,H53,Posta ve kurye hizmetleri Postal and courier services,0.9980972508293289,1.0,0.0019027491706711253,,False,False,False,False,False,False
household_max_output_reference,0.05,I,Konaklama ve yiyecek hizmetleri Accommodation and food services,0.9990127905925098,0.9999999999999466,0.0009872094074901971,,False,False,False,False,False,False
household_max_output_reference,0.05,J58,Yayıncılık hizmetleri Publishing services,0.9979047231203516,1.0,0.002095276879648389,,False,False,False,False,False,False
household_max_output_reference,0.05,J59_J60,"Sinema filmi, video ve televizyon programı yapımcılık hizmetleri, ses kaydı ve müzik yayımlama; programcılık ve yayıncılık hizmetleri Motion picture, video and television programme production services, sound recording and music publishing; programming and broadcasting services",0.9971387948369919,0.9999999999575995,0.0028612051630081403,,False,False,False,False,False,False
household_max_output_reference,0.05,J61,Telekomünikasyon hizmetleri Telecommunications services,0.9976421736564072,0.9999999999997259,0.002357826343592828,,False,False,False,False,False,False
household_max_output_reference,0.05,J62_J63,"Bilgisayar programlama, danışmanlık ve ilgili hizmetler; bilgi hizmetleri Computer programming, consultancy and related services; Information services",0.9972435203752348,0.9999999999996683,0.002756479624765218,,False,False,False,False,False,False
household_max_output_reference,0.05,K64,"Finansal hizmetler (sigorta ve bireysel emeklilik hariç) Financial services, except insurance and pension funding",0.9946224052972603,0.9999999999505367,0.005377594702739685,,False,False,False,False,False,False
household_max_output_reference,0.05,K65,"Sigorta, reasürans ve emeklilik fonları hizmetleri, zorunlu sosyal güvenlik hariç Insurance, reinsurance and pension funding services, except compulsory social security",0.9958455266481819,0.9999999999999807,0.0041544733518180665,,False,False,False,False,False,False
household_max_output_reference,0.05,K66,Finansal hizmetler ile sigorta hizmetlerine yardımcı hizmetler Services auxiliary to financial services and insurance services,0.9949401735208903,0.9999999999997408,0.005059826479109741,,False,False,False,False,False,False
household_max_output_reference,0.05,L68B,Gayrimenkul hizmetleri Real estate services excluding imputed rents,0.6833914335216141,0.31876237175420163,0.31660856647838587,,True,True,True,True,True,True
household_max_output_reference,0.05,L68A,Kendi konutunda ikamet edenler için izafi kira Imputed rents of owner-occupied dwellings,1.0,1.0,0.0,,False,False,False,False,False,False
household_max_output_reference,0.05,M69_M70,Hukuk ve muhasebe hizmetleri; idare merkezi hizmetleri; idari danışmanlık hizmetleri Legal and accounting services;Services of head offices; management consulting services,0.9870753995482854,1.0,0.012924600451714618,,False,False,False,False,False,False
household_max_output_reference,0.05,M71,Mimarlık ve mühendislik hizmetleri; teknik test ve analiz hizmetleri Architectural and engineering services; technical testing and analysis services,0.9921543214455475,1.0,0.007845678554452507,,False,False,False,False,False,False
household_max_output_reference,0.05,M72,Bilimsel araştırma ve geliştirme hizmetleri Scientific research and development services,0.9999251818594543,0.999999999999687,7.481814054566271e-05,,False,False,False,False,False,False
household_max_output_reference,0.05,M73,Reklamcılık ve pazar araştırması hizmetleri Advertising and market research services,0.9939696576214136,0.9999999999826192,0.006030342378586351,,False,False,False,False,False,False
household_max_output_reference,0.05,M74_M75,"Diğer mesleki, bilimsel ve teknik hizmetler; veterinerlik hizmetleri Other professional, scientific and technical services and veterinary services",0.9956387369409414,1.0,0.0043612630590585955,,False,False,False,False,False,False
household_max_output_reference,0.05,N77,Kiralama ve leasing hizmetleri Rental and leasing services,0.9936122207522184,1.0,0.006387779247781555,,False,False,False,False,False,False
household_max_output_reference,0.05,N78,İstihdam hizmetleri Employment services,0.9972392940920712,0.999999999998298,0.002760705907928762,,False,False,False,False,False,False
household_max_output_reference,0.05,N79,"Seyahat acentesi, tur operatörü, diğer rezervasyon hizmetleri ve ilgili hizmetler Travel agency, tour operator and other reservation services and related services",0.9975237647883461,0.9999999999987339,0.0024762352116538544,,False,False,False,False,False,False
household_max_output_reference,0.05,N80-N82,"Güvenlik ve soruşturma hizmetleri; bina ve çevre düzenleme (peyzaj) hizmetleri; büro yönetimi, büro destek ve diğer iş destek hizmetleri Security and investigation services; services to buildings and landscape; office administrative, office support and other business support services",0.9842776414025048,1.0,0.015722358597495156,,False,False,False,False,False,False
household_max_output_reference,0.05,O84,Kamu yönetimi ve savunma hizmetleri; zorunlu sosyal güvenlik hizmetleri Public administration and defence services; compulsory social security services,0.9989998206300892,0.9999999999999987,0.0010001793699108141,,False,False,False,False,False,False
household_max_output_reference,0.05,P85,Eğitim hizmetleri Education services,0.9998856657717453,0.9999999999999998,0.00011433422825468664,,False,False,False,False,False,False
household_max_output_reference,0.05,Q86,İnsan sağlığı hizmetleri Human health services,0.9997703895926675,0.9999999999999981,0.00022961040733249227,,False,False,False,False,False,False
household_max_output_reference,0.05,Q87_Q88,Yatılı bakım hizmetleri; barınacak yer sağlanmaksızın verilen sosyal hizmetler Residential care services; social work services without accommodation,0.9994940365507256,1.0,0.0005059634492744491,,False,False,False,False,False,False
household_max_output_reference,0.05,R90-R92,"Yaratıcı sanatlar, gösteri sanatları ve eğlence hizmetleri; kütüphane, arşiv, müze ve diğer kültürel hizmetler; kumar ve müşterek bahis hizmetleri Creative, arts, entertainment, library, archive, museum, other cultural services; gambling and betting services",0.9996729079692516,0.9999999999999994,0.00032709203074843263,,False,False,False,False,False,False
household_max_output_reference,0.05,R93,Spor hizmetleri ile eğlence ve dinlence hizmetleri Sporting services and amusement and recreation services,0.9982258578392922,0.9999999999999987,0.0017741421607078145,,False,False,False,False,False,False
household_max_output_reference,0.05,S94,Üye olunan kuruluşlar tarafından verilen hizmetler Services furnished by membership organisations,0.9997374109543032,1.0,0.00026258904569675945,,False,False,False,False,False,False
household_max_output_reference,0.05,S95,"Bilgisayarların, kişisel eşyaların ve ev eşyalarının onarımına ilişkin hizmetler Repair services of computers and personal and household goods",0.9989161041795814,0.9999999999988872,0.0010838958204185678,,False,False,False,False,False,False
household_max_output_reference,0.05,S96,Diğer kişisel hizmetler Other personal services,0.9987192689918799,1.0,0.001280731008120095,,False,False,False,False,False,False
household_max_output_reference,0.05,T,Ev içi çalışan personelin işverenleri olarak hanehalklarının hizmetleri Services of households as employers; undifferentiated goods and services produced by households for own use,1.0,1.0,0.0,,False,False,False,False,False,False
residual_equal,0.1,A01,"Tarım ve avcılık ürünleri ve ilgili hizmetler Products of agriculture, hunting and related services",0.9997649050049997,0.9999999999985105,0.00023509499500029563,,False,False,False,False,False,False
residual_equal,0.1,A02,"Orman ürünleri ve ilgili hizmetler Products of forestry, logging and related services",0.9994872987684031,0.9999999999122702,0.0005127012315968571,,False,False,False,False,False,False
residual_equal,0.1,A03,Balık ve diğer balıkçılık ürünleri; su ürünleri; balıkçılık için destekleyici hizmetler Fish and other fishing products; aquaculture products; support services to fishing,0.9999950083748184,0.999999999951607,4.991625181638426e-06,,False,False,False,False,False,False
residual_equal,0.1,B,Madencilik ve taşocakçılığı Mining and quarrying,0.9878738581124059,1.0,0.012126141887594089,,False,False,False,False,False,False
residual_equal,0.1,C10-C12,"Gıda, içecekler ve tütün ürünleri Food, beverages and tobacco products",0.999811845846149,0.9999999999999996,0.00018815415385098344,,False,False,False,False,False,False
residual_equal,0.1,C13-C15,"Tekstil, giyim eşyası, deri ve ilgili ürünler Textiles, wearing apparel, leather and related products",0.9997997417187408,0.9999999999999868,0.00020025828125924683,,False,False,False,False,False,False
residual_equal,0.1,C16,"Kereste, ağaç ürünleri ve mantar ürünleri (mobilya hariç); hasır ve örme malzemesinden (saz, saman vb.) ürünler Wood and of products of wood and cork, except furniture; articles of straw and plaiting materials",0.9990065357041026,0.9999999999999463,0.0009934642958974171,,False,False,False,False,False,False
residual_equal,0.1,C17,Kağıt ve kağıt ürünleri Paper and paper products,0.9994327307591637,1.0,0.0005672692408362767,,False,False,False,False,False,False
residual_equal,0.1,C18,Basım ve kayıt hizmetleri Printing and recording services,0.9988825319134519,0.9999999999998987,0.0011174680865481124,,False,False,False,False,False,False
residual_equal,0.1,C19,Kok ve rafine petrol ürünleri Coke and refined petroleum products,0.9986368482255891,0.9999999999985814,0.0013631517744109312,,False,False,False,False,False,False
residual_equal,0.1,C20,Kimyasallar ve kimyasal ürünler Chemicals and chemical products,0.9994907786067074,1.0,0.0005092213932925693,,False,False,False,False,False,False
residual_equal,0.1,C21,Temel eczacılık ürünleri ve müstahzarları Basic pharmaceutical products and pharmaceutical preparations,0.99985304263263,1.0,0.0001469573673700264,,False,False,False,False,False,False
residual_equal,0.1,C22,Kauçuk ve plastik ürünler Rubber and plastic products,0.9993482383492395,1.0,0.0006517616507605295,,False,False,False,False,False,False
residual_equal,0.1,C23,Diğer metalik olmayan mineral ürünleri Other non-metallic mineral products,0.9989665576368447,0.9999999999999973,0.0010334423631552792,,False,False,False,False,False,False
residual_equal,0.1,C24,Ana metaller Basic metals,0.9991352374738408,0.9999999999891298,0.0008647625261591907,,False,False,False,False,False,False
residual_equal,0.1,C25,"Fabrikasyon metal ürünler, makine ve ekipmanlar hariç Fabricated metal products, except machinery and equipment",0.9990457251664716,0.9999999993977142,0.0009542748335283902,,False,False,False,False,False,False
residual_equal,0.1,C26,"Bilgisayarlar ile elektronik ve optik ürünler Computer, electronic and optical products",0.9955974546509713,1.0,0.00440254534902873,,False,False,False,False,False,False
residual_equal,0.1,C27,Elektrikli teçhizat Electrical equipment,0.9982679645572946,0.9999999998773555,0.001732035442705393,,False,False,False,False,False,False
residual_equal,0.1,C28,Başka yerde sınıflandırılmamış makine ve ekipmanlar Machinery and equipment n.e.c.,0.9994405061701587,0.9999999999970481,0.0005594938298413288,,False,False,False,False,False,False
residual_equal,0.1,C29,"Motorlu kara taşıtları, treyler (römork) ve yarı treyler (yarı römork) Motor vehicles, trailers and semi-trailers",0.9998548453607776,0.9999999991411039,0.00014515463922237792,,False,False,False,False,False,False
residual_equal,0.1,C30,Diğer ulaşım araçları Other transport equipment,0.9998213438816999,0.9999999999989593,0.00017865611830014672,,False,False,False,False,False,False
residual_equal,0.1,C31_C32,Mobilya ve diğer mamul eşyalar Furniture and other manufactured goods,0.9997446065241903,1.0,0.0002553934758097176,,False,False,False,False,False,False
residual_equal,0.1,C33,Makine ve ekipmanların kurulumu ve onarımı Repair and installation services of machinery and equipment,0.9980929799158771,0.9999999999999898,0.0019070200841229124,,False,False,False,False,False,False
residual_equal,0.1,D35,"Elektrik, gaz, buhar ve iklimlendirme Electricity, gas, steam and air conditioning",0.9,0.5564305222334798,0.09999999999999998,,True,True,True,True,True,True
residual_equal,0.1,E36,Doğal su; suyun arıtılması ve temini hizmetleri Natural water; water treatment and supply services,0.9999139882832495,0.9999999999650465,8.601171675048924e-05,,False,False,False,False,False,False
residual_equal,0.1,E37-E39,"Kanalizasyon hizmetleri, kanalizasyon çamuru; atığın toplanması, işlenmesi ve bertarafı; maddelerin geri kazanımı; iyileştirme hizmetleri ve diğer atık yönetimi hizmetleri Sewerage services; sewage sludge; waste collection, treatment and disposal services; materials recovery services; remediation services and other wa...",0.998806724584879,0.9999999999999822,0.0011932754151210423,,False,False,False,False,False,False
residual_equal,0.1,F,İnşaatlar ve inşaat işleri Constructions and construction works,0.9999343647146023,0.9999999999998305,6.56352853977138e-05,,False,False,False,False,False,False
residual_equal,0.1,G45,Toptan ve perakende ticaret ile motorlu kara taşıtlarının ve motosikletlerin onarım hizmetleri Wholesale and retail trade and repair services of motor vehicles and motorcycles,0.9992068769610752,1.0,0.000793123038924759,,False,False,False,False,False,False
residual_equal,0.1,G46,"Toptan ticaret, motorlu kara taşıtları ve motosikletler hariç Wholesale trade services, except of motor vehicles and motorcycles",0.9990550662452774,0.9999999999999978,0.0009449337547225989,,False,False,False,False,False,False
residual_equal,0.1,G47,"Perakende ticaret (motorlu kara taşıtları ve motosikletler hariç) Retail trade services, except of motor vehicles and motorcycles",0.9992467615955893,0.9999999999999849,0.000753238404410661,,False,False,False,False,False,False
residual_equal,0.1,H49,Kara taşımacılığı ve boru hattı taşımacılığı hizmetleri Land transport services and transport services via pipelines,0.9987706572318241,1.0,0.0012293427681758784,,False,False,False,False,False,False
residual_equal,0.1,H50,Su yolu taşımacılığı hizmetleri Water transport services,0.9993705828430476,0.9999999997925872,0.0006294171569524165,,False,False,False,False,False,False
residual_equal,0.1,H51,Hava yolu taşımacılığı hizmetleri Air transport services,0.9998005836316463,0.9999999999943111,0.0001994163683537442,,False,False,False,False,False,False
residual_equal,0.1,H52,"Depolama ve destek hizmetleri, taşımacılık için Warehousing and support services for transportation",0.9979163493739843,0.9999999999895586,0.002083650626015676,,False,False,False,False,False,False
residual_equal,0.1,H53,Posta ve kurye hizmetleri Postal and courier services,0.998945895913377,1.0,0.0010541040866229867,,False,False,False,False,False,False
residual_equal,0.1,I,Konaklama ve yiyecek hizmetleri Accommodation and food services,0.9998451701540223,1.0,0.00015482984597769978,,False,False,False,False,False,False
residual_equal,0.1,J58,Yayıncılık hizmetleri Publishing services,0.9990955748409359,0.999999999999992,0.0009044251590640817,,False,False,False,False,False,False
residual_equal,0.1,J59_J60,"Sinema filmi, video ve televizyon programı yapımcılık hizmetleri, ses kaydı ve müzik yayımlama; programcılık ve yayıncılık hizmetleri Motion picture, video and television programme production services, sound recording and music publishing; programming and broadcasting services",0.9993048971149717,0.9999999999575863,0.0006951028850282759,,False,False,False,False,False,False
residual_equal,0.1,J61,Telekomünikasyon hizmetleri Telecommunications services,0.9991917369048955,0.9999999999999936,0.0008082630951045111,,False,False,False,False,False,False
residual_equal,0.1,J62_J63,"Bilgisayar programlama, danışmanlık ve ilgili hizmetler; bilgi hizmetleri Computer programming, consultancy and related services; Information services",0.9989967863836842,0.9999999999992918,0.0010032136163158345,,False,False,False,False,False,False
residual_equal,0.1,K64,"Finansal hizmetler (sigorta ve bireysel emeklilik hariç) Financial services, except insurance and pension funding",0.9950351805683156,1.0,0.004964819431684364,,False,False,False,False,False,False
residual_equal,0.1,K65,"Sigorta, reasürans ve emeklilik fonları hizmetleri, zorunlu sosyal güvenlik hariç Insurance, reinsurance and pension funding services, except compulsory social security",0.9963747499935358,0.9999999999999833,0.003625250006464187,,False,False,False,False,False,False
residual_equal,0.1,K66,Finansal hizmetler ile sigorta hizmetlerine yardımcı hizmetler Services auxiliary to financial services and insurance services,0.9988045069588815,0.9999999999996998,0.001195493041118545,,False,False,False,False,False,False
residual_equal,0.1,L68B,Gayrimenkul hizmetleri Real estate services excluding imputed rents,0.9990987288401615,0.9999999999999063,0.0009012711598385126,,False,False,False,False,False,False
residual_equal,0.1,L68A,Kendi konutunda ikamet edenler için izafi kira Imputed rents of owner-occupied dwellings,1.0,1.0,0.0,,False,False,False,False,False,False
residual_equal,0.1,M69_M70,Hukuk ve muhasebe hizmetleri; idare merkezi hizmetleri; idari danışmanlık hizmetleri Legal and accounting services;Services of head offices; management consulting services,0.9965543729155283,1.0,0.003445627084471714,,False,False,False,False,False,False
residual_equal,0.1,M71,Mimarlık ve mühendislik hizmetleri; teknik test ve analiz hizmetleri Architectural and engineering services; technical testing and analysis services,0.9933536202083139,1.0,0.006646379791686141,,False,False,False,False,False,False
residual_equal,0.1,M72,Bilimsel araştırma ve geliştirme hizmetleri Scientific research and development services,0.9999862789712025,1.0,1.372102879748649e-05,,False,False,False,False,False,False
residual_equal,0.1,M73,Reklamcılık ve pazar araştırması hizmetleri Advertising and market research services,0.9983524666948397,0.9999999999862048,0.0016475333051603203,,False,False,False,False,False,False
residual_equal,0.1,M74_M75,"Diğer mesleki, bilimsel ve teknik hizmetler; veterinerlik hizmetleri Other professional, scientific and technical services and veterinary services",0.997722263617399,1.0,0.002277736382600981,,False,False,False,False,False,False
residual_equal,0.1,N77,Kiralama ve leasing hizmetleri Rental and leasing services,0.9956062381476708,0.999999999999992,0.004393761852329203,,False,False,False,False,False,False
residual_equal,0.1,N78,İstihdam hizmetleri Employment services,0.9981244138987256,0.9999999999982851,0.0018755861012743624,,False,False,False,False,False,False
residual_equal,0.1,N79,"Seyahat acentesi, tur operatörü, diğer rezervasyon hizmetleri ve ilgili hizmetler Travel agency, tour operator and other reservation services and related services",0.9995820769939788,0.9999999999987336,0.0004179230060211703,,False,False,False,False,False,False
residual_equal,0.1,N80-N82,"Güvenlik ve soruşturma hizmetleri; bina ve çevre düzenleme (peyzaj) hizmetleri; büro yönetimi, büro destek ve diğer iş destek hizmetleri Security and investigation services; services to buildings and landscape; office administrative, office support and other business support services",0.9956430084009164,0.9999999999999929,0.004356991599083648,,False,False,False,False,False,False
residual_equal,0.1,O84,Kamu yönetimi ve savunma hizmetleri; zorunlu sosyal güvenlik hizmetleri Public administration and defence services; compulsory social security services,0.9988658338435797,0.9999999999999992,0.0011341661564202576,,False,False,False,False,False,False
residual_equal,0.1,P85,Eğitim hizmetleri Education services,0.9999447365243749,1.0,5.526347562512246e-05,,False,False,False,False,False,False
residual_equal,0.1,Q86,İnsan sağlığı hizmetleri Human health services,0.9999699015108284,0.9999999999999987,3.009848917157054e-05,,False,False,False,False,False,False
residual_equal,0.1,Q87_Q88,Yatılı bakım hizmetleri; barınacak yer sağlanmaksızın verilen sosyal hizmetler Residential care services; social work services without accommodation,0.9999033767791714,0.9999999999999998,9.662322082859554e-05,,False,False,False,False,False,False
residual_equal,0.1,R90-R92,"Yaratıcı sanatlar, gösteri sanatları ve eğlence hizmetleri; kütüphane, arşiv, müze ve diğer kültürel hizmetler; kumar ve müşterek bahis hizmetleri Creative, arts, entertainment, library, archive, museum, other cultural services; gambling and betting services",0.9999483165058883,0.9999999999999997,5.168349411166506e-05,,False,False,False,False,False,False
residual_equal,0.1,R93,Spor hizmetleri ile eğlence ve dinlence hizmetleri Sporting services and amusement and recreation services,0.999732310457707,0.999999999999999,0.00026768954229294817,,False,False,False,False,False,False
residual_equal,0.1,S94,Üye olunan kuruluşlar tarafından verilen hizmetler Services furnished by membership organisations,0.9998228921631153,0.9999999999999998,0.00017710783688473786,,False,False,False,False,False,False
residual_equal,0.1,S95,"Bilgisayarların, kişisel eşyaların ve ev eşyalarının onarımına ilişkin hizmetler Repair services of computers and personal and household goods",0.9996803210365195,0.9999999999977973,0.0003196789634805075,,False,False,False,False,False,False
residual_equal,0.1,S96,Diğer kişisel hizmetler Other personal services,0.9998015645370698,1.0,0.000198435462930191,,False,False,False,False,False,False
residual_equal,0.1,T,Ev içi çalışan personelin işverenleri olarak hanehalklarının hizmetleri Services of households as employers; undifferentiated goods and services produced by households for own use,1.0,1.0,0.0,,False,False,False,False,False,False
residual_monetary,0.1,A01,"Tarım ve avcılık ürünleri ve ilgili hizmetler Products of agriculture, hunting and related services",0.9997649050049969,0.999999999998511,0.00023509499500307118,,False,False,False,False,False,False
residual_monetary,0.1,A02,"Orman ürünleri ve ilgili hizmetler Products of forestry, logging and related services",0.9994872987683924,0.99999999991227,0.0005127012316076263,,False,False,False,False,False,False
residual_monetary,0.1,A03,Balık ve diğer balıkçılık ürünleri; su ürünleri; balıkçılık için destekleyici hizmetler Fish and other fishing products; aquaculture products; support services to fishing,0.9999950083748205,0.999999999951609,4.991625179529002e-06,,False,False,False,False,False,False
residual_monetary,0.1,B,Madencilik ve taşocakçılığı Mining and quarrying,0.9878738581123716,0.9999999999999734,0.012126141887628394,,False,False,False,False,False,False
residual_monetary,0.1,C10-C12,"Gıda, içecekler ve tütün ürünleri Food, beverages and tobacco products",0.999811845846148,1.0,0.00018815415385198264,,False,False,False,False,False,False
residual_monetary,0.1,C13-C15,"Tekstil, giyim eşyası, deri ve ilgili ürünler Textiles, wearing apparel, leather and related products",0.9997997417187496,1.0,0.00020025828125036504,,False,False,False,False,False,False
residual_monetary,0.1,C16,"Kereste, ağaç ürünleri ve mantar ürünleri (mobilya hariç); hasır ve örme malzemesinden (saz, saman vb.) ürünler Wood and of products of wood and cork, except furniture; articles of straw and plaiting materials",0.9990065357040929,0.9999999999999074,0.000993464295907076,,False,False,False,False,False,False
residual_monetary,0.1,C17,Kağıt ve kağıt ürünleri Paper and paper products,0.999432730759139,0.9999999999999695,0.0005672692408610347,,False,False,False,False,False,False
residual_monetary,0.1,C18,Basım ve kayıt hizmetleri Printing and recording services,0.9988825319134891,1.0,0.0011174680865109199,,False,False,False,False,False,False
residual_monetary,0.1,C19,Kok ve rafine petrol ürünleri Coke and refined petroleum products,0.9986368482255572,0.9999999999985804,0.0013631517744427946,,False,False,False,False,False,False
residual_monetary,0.1,C20,Kimyasallar ve kimyasal ürünler Chemicals and chemical products,0.9994907786066622,1.0,0.0005092213933377554,,False,False,False,False,False,False
residual_monetary,0.1,C21,Temel eczacılık ürünleri ve müstahzarları Basic pharmaceutical products and pharmaceutical preparations,0.9998530426326229,0.9999999999999988,0.00014695736737713183,,False,False,False,False,False,False
residual_monetary,0.1,C22,Kauçuk ve plastik ürünler Rubber and plastic products,0.9993482383491622,0.999999999999852,0.000651761650837801,,False,False,False,False,False,False
residual_monetary,0.1,C23,Diğer metalik olmayan mineral ürünleri Other non-metallic mineral products,0.9989665576368514,0.9999999999999964,0.0010334423631486178,,False,False,False,False,False,False
residual_monetary,0.1,C24,Ana metaller Basic metals,0.9991352374737527,0.9999999999886575,0.0008647625262473424,,False,False,False,False,False,False
residual_monetary,0.1,C25,"Fabrikasyon metal ürünler, makine ve ekipmanlar hariç Fabricated metal products, except machinery and equipment",0.9990457251676923,0.9999999994000773,0.0009542748323076999,,False,False,False,False,False,False
residual_monetary,0.1,C26,"Bilgisayarlar ile elektronik ve optik ürünler Computer, electronic and optical products",0.9955974546511881,1.0,0.004402545348811904,,False,False,False,False,False,False
residual_monetary,0.1,C27,Elektrikli teçhizat Electrical equipment,0.9982679645572755,0.9999999998773225,0.0017320354427244888,,False,False,False,False,False,False
residual_monetary,0.1,C28,Başka yerde sınıflandırılmamış makine ve ekipmanlar Machinery and equipment n.e.c.,0.9994405061697683,0.9999999999965683,0.0005594938302316832,,False,False,False,False,False,False
residual_monetary,0.1,C29,"Motorlu kara taşıtları, treyler (römork) ve yarı treyler (yarı römork) Motor vehicles, trailers and semi-trailers",0.9998548453607862,0.9999999991411457,0.0001451546392138292,,False,False,False,False,False,False
residual_monetary,0.1,C30,Diğer ulaşım araçları Other transport equipment,0.9998213438817033,0.9999999999989613,0.00017865611829670502,,False,False,False,False,False,False
residual_monetary,0.1,C31_C32,Mobilya ve diğer mamul eşyalar Furniture and other manufactured goods,0.9997446065239567,0.9999999999997152,0.00025539347604330853,,False,False,False,False,False,False
residual_monetary,0.1,C33,Makine ve ekipmanların kurulumu ve onarımı Repair and installation services of machinery and equipment,0.9980929799160239,1.0,0.0019070200839761409,,False,False,False,False,False,False
residual_monetary,0.1,D35,"Elektrik, gaz, buhar ve iklimlendirme Electricity, gas, steam and air conditioning",0.9,0.5564305222334647,0.09999999999999998,,True,True,True,True,True,True
residual_monetary,0.1,E36,Doğal su; suyun arıtılması ve temini hizmetleri Natural water; water treatment and supply services,0.9999139882832042,0.9999999999649991,8.601171679578634e-05,,False,False,False,False,False,False
residual_monetary,0.1,E37-E39,"Kanalizasyon hizmetleri, kanalizasyon çamuru; atığın toplanması, işlenmesi ve bertarafı; maddelerin geri kazanımı; iyileştirme hizmetleri ve diğer atık yönetimi hizmetleri Sewerage services; sewage sludge; waste collection, treatment and disposal services; materials recovery services; remediation services and other wa...",0.9988067245848713,1.0,0.0011932754151287028,,False,False,False,False,False,False
residual_monetary,0.1,F,İnşaatlar ve inşaat işleri Constructions and construction works,0.9999343647146028,0.9999999999998305,6.563528539715868e-05,,False,False,False,False,False,False
residual_monetary,0.1,G45,Toptan ve perakende ticaret ile motorlu kara taşıtlarının ve motosikletlerin onarım hizmetleri Wholesale and retail trade and repair services of motor vehicles and motorcycles,0.9992068769604853,0.9999999999990412,0.0007931230395147315,,False,False,False,False,False,False
residual_monetary,0.1,G46,"Toptan ticaret, motorlu kara taşıtları ve motosikletler hariç Wholesale trade services, except of motor vehicles and motorcycles",0.9990550662452482,0.9999999999999527,0.0009449337547517977,,False,False,False,False,False,False
residual_monetary,0.1,G47,"Perakende ticaret (motorlu kara taşıtları ve motosikletler hariç) Retail trade services, except of motor vehicles and motorcycles",0.9992467615957562,1.0,0.0007532384042437945,,False,False,False,False,False,False
residual_monetary,0.1,H49,Kara taşımacılığı ve boru hattı taşımacılığı hizmetleri Land transport services and transport services via pipelines,0.9987706572316356,0.9999999999997804,0.0012293427683643943,,False,False,False,False,False,False
residual_monetary,0.1,H50,Su yolu taşımacılığı hizmetleri Water transport services,0.9993705828433285,0.9999999997929652,0.0006294171566715301,,False,False,False,False,False,False
residual_monetary,0.1,H51,Hava yolu taşımacılığı hizmetleri Air transport services,0.9998005836316398,0.9999999999943069,0.0001994163683601835,,False,False,False,False,False,False
residual_monetary,0.1,H52,"Depolama ve destek hizmetleri, taşımacılık için Warehousing and support services for transportation",0.9979163493740288,0.9999999999897482,0.0020836506259711562,,False,False,False,False,False,False
residual_monetary,0.1,H53,Posta ve kurye hizmetleri Postal and courier services,0.9989458959132695,0.9999999999998629,0.0010541040867304563,,False,False,False,False,False,False
residual_monetary,0.1,I,Konaklama ve yiyecek hizmetleri Accommodation and food services,0.9998451701539995,0.9999999999999802,0.00015482984600045935,,False,False,False,False,False,False
residual_monetary,0.1,J58,Yayıncılık hizmetleri Publishing services,0.9990955748409646,0.9999999999999396,0.000904425159035438,,False,False,False,False,False,False
residual_monetary,0.1,J59_J60,"Sinema filmi, video ve televizyon programı yapımcılık hizmetleri, ses kaydı ve müzik yayımlama; programcılık ve yayıncılık hizmetleri Motion picture, video and television programme production services, sound recording and music publishing; programming and broadcasting services",0.9993048971151742,0.9999999999575535,0.0006951028848257712,,False,False,False,False,False,False
residual_monetary,0.1,J61,Telekomünikasyon hizmetleri Telecommunications services,0.9991917369048974,1.0,0.0008082630951026237,,False,False,False,False,False,False
residual_monetary,0.1,J62_J63,"Bilgisayar programlama, danışmanlık ve ilgili hizmetler; bilgi hizmetleri Computer programming, consultancy and related services; Information services",0.9989967863840927,1.0,0.0010032136159072724,,False,False,False,False,False,False
residual_monetary,0.1,K64,"Finansal hizmetler (sigorta ve bireysel emeklilik hariç) Financial services, except insurance and pension funding",0.9950351805675401,0.9999999999994091,0.004964819432459855,,False,False,False,False,False,False
residual_monetary,0.1,K65,"Sigorta, reasürans ve emeklilik fonları hizmetleri, zorunlu sosyal güvenlik hariç Insurance, reinsurance and pension funding services, except compulsory social security",0.9963747499935293,1.0,0.003625250006470737,,False,False,False,False,False,False
residual_monetary,0.1,K66,Finansal hizmetler ile sigorta hizmetlerine yardımcı hizmetler Services auxiliary to financial services and insurance services,0.9988045069588664,0.9999999999997122,0.001195493041133644,,False,False,False,False,False,False
residual_monetary,0.1,L68B,Gayrimenkul hizmetleri Real estate services excluding imputed rents,0.9990987288401766,1.0,0.0009012711598234135,,False,False,False,False,False,False
residual_monetary,0.1,L68A,Kendi konutunda ikamet edenler için izafi kira Imputed rents of owner-occupied dwellings,1.0,1.0,0.0,,False,False,False,False,False,False
residual_monetary,0.1,M69_M70,Hukuk ve muhasebe hizmetleri; idare merkezi hizmetleri; idari danışmanlık hizmetleri Legal and accounting services;Services of head offices; management consulting services,0.9965543729154296,0.9999999999999822,0.003445627084570413,,False,False,False,False,False,False
residual_monetary,0.1,M71,Mimarlık ve mühendislik hizmetleri; teknik test ve analiz hizmetleri Architectural and engineering services; technical testing and analysis services,0.993353620208519,1.0,0.006646379791480972,,False,False,False,False,False,False
residual_monetary,0.1,M72,Bilimsel araştırma ve geliştirme hizmetleri Scientific research and development services,0.9999862789710855,0.999999999999882,1.3721028914503997e-05,,False,False,False,False,False,False
residual_monetary,0.1,M73,Reklamcılık ve pazar araştırması hizmetleri Advertising and market research services,0.9983524666958666,1.0,0.001647533304133364,,False,False,False,False,False,False
residual_monetary,0.1,M74_M75,"Diğer mesleki, bilimsel ve teknik hizmetler; veterinerlik hizmetleri Other professional, scientific and technical services and veterinary services",0.9977222636172507,0.9999999999999143,0.002277736382749307,,False,False,False,False,False,False
residual_monetary,0.1,N77,Kiralama ve leasing hizmetleri Rental and leasing services,0.9956062381475709,1.0,0.004393761852429123,,False,False,False,False,False,False
residual_monetary,0.1,N78,İstihdam hizmetleri Employment services,0.9981244138944112,0.9999999999922737,0.0018755861055888001,,False,False,False,False,False,False
residual_monetary,0.1,N79,"Seyahat acentesi, tur operatörü, diğer rezervasyon hizmetleri ve ilgili hizmetler Travel agency, tour operator and other reservation services and related services",0.9995820769939794,0.9999999999987326,0.00041792300602061516,,False,False,False,False,False,False
residual_monetary,0.1,N80-N82,"Güvenlik ve soruşturma hizmetleri; bina ve çevre düzenleme (peyzaj) hizmetleri; büro yönetimi, büro destek ve diğer iş destek hizmetleri Security and investigation services; services to buildings and landscape; office administrative, office support and other business support services",0.9956430084007943,0.9999999999977351,0.004356991599205662,,False,False,False,False,False,False
residual_monetary,0.1,O84,Kamu yönetimi ve savunma hizmetleri; zorunlu sosyal güvenlik hizmetleri Public administration and defence services; compulsory social security services,0.9988658338435935,1.0,0.0011341661564064909,,False,False,False,False,False,False
residual_monetary,0.1,P85,Eğitim hizmetleri Education services,0.9999447365243742,1.0,5.5263475625788594e-05,,False,False,False,False,False,False
residual_monetary,0.1,Q86,İnsan sağlığı hizmetleri Human health services,0.9999699015108285,0.9999999999999988,3.009848917145952e-05,,False,False,False,False,False,False
residual_monetary,0.1,Q87_Q88,Yatılı bakım hizmetleri; barınacak yer sağlanmaksızın verilen sosyal hizmetler Residential care services; social work services without accommodation,0.999903376779171,1.0,9.662322082903962e-05,,False,False,False,False,False,False
residual_monetary,0.1,R90-R92,"Yaratıcı sanatlar, gösteri sanatları ve eğlence hizmetleri; kütüphane, arşiv, müze ve diğer kültürel hizmetler; kumar ve müşterek bahis hizmetleri Creative, arts, entertainment, library, archive, museum, other cultural services; gambling and betting services",0.9999483165058964,0.9999999999999998,5.1683494103560434e-05,,False,False,False,False,False,False
residual_monetary,0.1,R93,Spor hizmetleri ile eğlence ve dinlence hizmetleri Sporting services and amusement and recreation services,0.9997323104577116,1.0,0.00026768954228839625,,False,False,False,False,False,False
residual_monetary,0.1,S94,Üye olunan kuruluşlar tarafından verilen hizmetler Services furnished by membership organisations,0.999822892163101,0.9999999999999998,0.0001771078368989487,,False,False,False,False,False,False
residual_monetary,0.1,S95,"Bilgisayarların, kişisel eşyaların ve ev eşyalarının onarımına ilişkin hizmetler Repair services of computers and personal and household goods",0.999680321037666,0.9999999999992981,0.0003196789623339802,,False,False,False,False,False,False
residual_monetary,0.1,S96,Diğer kişisel hizmetler Other personal services,0.9998015645370665,0.9999999999999957,0.00019843546293352166,,False,False,False,False,False,False
residual_monetary,0.1,T,Ev içi çalışan personelin işverenleri olarak hanehalklarının hizmetleri Services of households as employers; undifferentiated goods and services produced by households for own use,1.0,1.0,0.0,,False,False,False,False,False,False
household_equal_additive,0.1,A01,"Tarım ve avcılık ürünleri ve ilgili hizmetler Products of agriculture, hunting and related services",0.9839236200069001,0.9999999999985874,0.016076379993099854,,False,False,False,False,False,False
household_equal_additive,0.1,A02,"Orman ürünleri ve ilgili hizmetler Products of forestry, logging and related services",0.9243279254856843,0.9999999999125063,0.07567207451431568,,False,False,False,False,False,False
household_equal_additive,0.1,A03,Balık ve diğer balıkçılık ürünleri; su ürünleri; balıkçılık için destekleyici hizmetler Fish and other fishing products; aquaculture products; support services to fishing,0.9997385669083968,0.9999999999530209,0.0002614330916032026,,False,False,False,False,False,False
household_equal_additive,0.1,B,Madencilik ve taşocakçılığı Mining and quarrying,0.8401114552638422,0.99999999999994,0.15988854473615777,,False,False,False,False,False,False
household_equal_additive,0.1,C10-C12,"Gıda, içecekler ve tütün ürünleri Food, beverages and tobacco products",0.9865981212178321,0.9999999999999571,0.01340187878216792,,False,False,False,False,False,False
household_equal_additive,0.1,C13-C15,"Tekstil, giyim eşyası, deri ve ilgili ürünler Textiles, wearing apparel, leather and related products",0.9893879775702165,0.9999999999999849,0.01061202242978354,,False,False,False,False,False,False
household_equal_additive,0.1,C16,"Kereste, ağaç ürünleri ve mantar ürünleri (mobilya hariç); hasır ve örme malzemesinden (saz, saman vb.) ürünler Wood and of products of wood and cork, except furniture; articles of straw and plaiting materials",0.7901885910718454,0.999999999999915,0.20981140892815464,,False,False,False,False,False,False
household_equal_additive,0.1,C17,Kağıt ve kağıt ürünleri Paper and paper products,0.9665615065132708,0.9999999999998568,0.033438493486729226,,False,False,False,False,False,False
household_equal_additive,0.1,C18,Basım ve kayıt hizmetleri Printing and recording services,0.9479584268809387,0.9999999999998561,0.052041573119061324,,False,False,False,False,False,False
household_equal_additive,0.1,C19,Kok ve rafine petrol ürünleri Coke and refined petroleum products,0.9389789575073026,0.9999999999986184,0.06102104249269735,,False,False,False,False,False,False
household_equal_additive,0.1,C20,Kimyasallar ve kimyasal ürünler Chemicals and chemical products,0.9647830378347477,0.9999999999999296,0.035216962165252275,,False,False,False,False,False,False
household_equal_additive,0.1,C21,Temel eczacılık ürünleri ve müstahzarları Basic pharmaceutical products and pharmaceutical preparations,0.9909663671386377,1.0,0.009033632861362273,,False,False,False,False,False,False
household_equal_additive,0.1,C22,Kauçuk ve plastik ürünler Rubber and plastic products,0.9054119542540735,1.0,0.0945880457459265,,False,False,False,False,False,False
household_equal_additive,0.1,C23,Diğer metalik olmayan mineral ürünleri Other non-metallic mineral products,0.6905743312903598,0.9999999999999984,0.30942566870964017,,False,False,False,False,False,False
household_equal_additive,0.1,C24,Ana metaller Basic metals,0.8786592746172804,0.9999999999896734,0.12134072538271956,,False,False,False,False,False,False
household_equal_additive,0.1,C25,"Fabrikasyon metal ürünler, makine ve ekipmanlar hariç Fabricated metal products, except machinery and equipment",0.8779058067476051,0.999999999408065,0.1220941932523949,,False,False,False,False,False,False
household_equal_additive,0.1,C26,"Bilgisayarlar ile elektronik ve optik ürünler Computer, electronic and optical products",0.924485106391966,1.0,0.07551489360803398,,False,False,False,False,False,False
household_equal_additive,0.1,C27,Elektrikli teçhizat Electrical equipment,0.9411609139902032,0.9999999998776092,0.058839086009796815,,False,False,False,False,False,False
household_equal_additive,0.1,C28,Başka yerde sınıflandırılmamış makine ve ekipmanlar Machinery and equipment n.e.c.,0.9698025125199419,0.9999999999972191,0.030197487480058127,,False,False,False,False,False,False
household_equal_additive,0.1,C29,"Motorlu kara taşıtları, treyler (römork) ve yarı treyler (yarı römork) Motor vehicles, trailers and semi-trailers",0.9905200913216484,0.9999999991646608,0.009479908678351578,,False,False,False,False,False,False
household_equal_additive,0.1,C30,Diğer ulaşım araçları Other transport equipment,0.990760928782201,0.999999999999019,0.009239071217798989,,False,False,False,False,False,False
household_equal_additive,0.1,C31_C32,Mobilya ve diğer mamul eşyalar Furniture and other manufactured goods,0.9807406561376043,0.9999999999999922,0.019259343862395695,,False,False,False,False,False,False
household_equal_additive,0.1,C33,Makine ve ekipmanların kurulumu ve onarımı Repair and installation services of machinery and equipment,0.9564202683296975,0.999999999999321,0.04357973167030249,,False,False,False,False,False,False
household_equal_additive,0.1,D35,"Elektrik, gaz, buhar ve iklimlendirme Electricity, gas, steam and air conditioning",0.9,0.9848037844800122,0.09999999999999998,,True,True,True,False,False,True
household_equal_additive,0.1,E36,Doğal su; suyun arıtılması ve temini hizmetleri Natural water; water treatment and supply services,0.9972438466458882,0.9999999999661675,0.0027561533541118344,,False,False,False,False,False,False
household_equal_additive,0.1,E37-E39,"Kanalizasyon hizmetleri, kanalizasyon çamuru; atığın toplanması, işlenmesi ve bertarafı; maddelerin geri kazanımı; iyileştirme hizmetleri ve diğer atık yönetimi hizmetleri Sewerage services; sewage sludge; waste collection, treatment and disposal services; materials recovery services; remediation services and other wa...",0.9064078290994615,0.999999999999851,0.09359217090053851,,False,False,False,False,False,False
household_equal_additive,0.1,F,İnşaatlar ve inşaat işleri Constructions and construction works,0.3556488358376255,0.329230009363645,0.6443511641623745,,True,True,True,True,True,True
household_equal_additive,0.1,G45,Toptan ve perakende ticaret ile motorlu kara taşıtlarının ve motosikletlerin onarım hizmetleri Wholesale and retail trade and repair services of motor vehicles and motorcycles,0.9531684604772134,0.999999999998921,0.046831539522786625,,False,False,False,False,False,False
household_equal_additive,0.1,G46,"Toptan ticaret, motorlu kara taşıtları ve motosikletler hariç Wholesale trade services, except of motor vehicles and motorcycles",0.9555150226155084,1.0,0.04448497738449164,,False,False,False,False,False,False
household_equal_additive,0.1,G47,"Perakende ticaret (motorlu kara taşıtları ve motosikletler hariç) Retail trade services, except of motor vehicles and motorcycles",0.9556765570676514,1.0,0.04432344293234858,,False,False,False,False,False,False
household_equal_additive,0.1,H49,Kara taşımacılığı ve boru hattı taşımacılığı hizmetleri Land transport services and transport services via pipelines,0.9478078817023968,0.9999999999999393,0.052192118297603174,,False,False,False,False,False,False
household_equal_additive,0.1,H50,Su yolu taşımacılığı hizmetleri Water transport services,0.9845919068328675,0.9999999998117729,0.015408093167132542,,False,False,False,False,False,False
household_equal_additive,0.1,H51,Hava yolu taşımacılığı hizmetleri Air transport services,0.9935596552974868,0.9999999999948128,0.006440344702513201,,False,False,False,False,False,False
household_equal_additive,0.1,H52,"Depolama ve destek hizmetleri, taşımacılık için Warehousing and support services for transportation",0.9551152471462883,0.999999999989786,0.04488475285371174,,False,False,False,False,False,False
household_equal_additive,0.1,H53,Posta ve kurye hizmetleri Postal and courier services,0.9710439471897727,0.9999999999958936,0.028956052810227284,,False,False,False,False,False,False
household_equal_additive,0.1,I,Konaklama ve yiyecek hizmetleri Accommodation and food services,0.9907392252433987,0.9999999999994784,0.009260774756601253,,False,False,False,False,False,False
household_equal_additive,0.1,J58,Yayıncılık hizmetleri Publishing services,0.969922847512999,0.9999999999979149,0.030077152487001046,,False,False,False,False,False,False
household_equal_additive,0.1,J59_J60,"Sinema filmi, video ve televizyon programı yapımcılık hizmetleri, ses kaydı ve müzik yayımlama; programcılık ve yayıncılık hizmetleri Motion picture, video and television programme production services, sound recording and music publishing; programming and broadcasting services",0.974386539590805,0.9999999999582565,0.025613460409194988,,False,False,False,False,False,False
household_equal_additive,0.1,J61,Telekomünikasyon hizmetleri Telecommunications services,0.9678157348986578,0.9999999999795011,0.0321842651013422,,False,False,False,False,False,False
household_equal_additive,0.1,J62_J63,"Bilgisayar programlama, danışmanlık ve ilgili hizmetler; bilgi hizmetleri Computer programming, consultancy and related services; Information services",0.9723405158823543,0.9999999999559959,0.02765948411764574,,False,False,False,False,False,False
household_equal_additive,0.1,K64,"Finansal hizmetler (sigorta ve bireysel emeklilik hariç) Financial services, except insurance and pension funding",0.9374568025768144,1.0,0.06254319742318559,,False,False,False,False,False,False
household_equal_additive,0.1,K65,"Sigorta, reasürans ve emeklilik fonları hizmetleri, zorunlu sosyal güvenlik hariç Insurance, reinsurance and pension funding services, except compulsory social security",0.9543181776402273,0.9999999999999852,0.045681822359772695,,False,False,False,False,False,False
household_equal_additive,0.1,K66,Finansal hizmetler ile sigorta hizmetlerine yardımcı hizmetler Services auxiliary to financial services and insurance services,0.9777623093276536,1.0,0.022237690672346377,,False,False,False,False,False,False
household_equal_additive,0.1,L68B,Gayrimenkul hizmetleri Real estate services excluding imputed rents,0.9626695539998348,0.9999999999989049,0.03733044600016522,,False,False,False,False,False,False
household_equal_additive,0.1,L68A,Kendi konutunda ikamet edenler için izafi kira Imputed rents of owner-occupied dwellings,1.0,1.0,0.0,,False,False,False,False,False,False
household_equal_additive,0.1,M69_M70,Hukuk ve muhasebe hizmetleri; idare merkezi hizmetleri; idari danışmanlık hizmetleri Legal and accounting services;Services of head offices; management consulting services,0.9274152399977199,1.0,0.07258476000228009,,False,False,False,False,False,False
household_equal_additive,0.1,M71,Mimarlık ve mühendislik hizmetleri; teknik test ve analiz hizmetleri Architectural and engineering services; technical testing and analysis services,0.8319673131516091,1.0,0.1680326868483909,,False,False,False,False,False,False
household_equal_additive,0.1,M72,Bilimsel araştırma ve geliştirme hizmetleri Scientific research and development services,0.9991830852691922,1.0,0.0008169147308078051,,False,False,False,False,False,False
household_equal_additive,0.1,M73,Reklamcılık ve pazar araştırması hizmetleri Advertising and market research services,0.941461270821288,1.0,0.058538729178711946,,False,False,False,False,False,False
household_equal_additive,0.1,M74_M75,"Diğer mesleki, bilimsel ve teknik hizmetler; veterinerlik hizmetleri Other professional, scientific and technical services and veterinary services",0.9112192664851086,1.0,0.08878073351489135,,False,False,False,False,False,False
household_equal_additive,0.1,N77,Kiralama ve leasing hizmetleri Rental and leasing services,0.9043532220506743,1.0,0.09564677794932575,,False,False,False,False,False,False
household_equal_additive,0.1,N78,İstihdam hizmetleri Employment services,0.9638140621996216,0.9999999999983737,0.036185937800378376,,False,False,False,False,False,False
household_equal_additive,0.1,N79,"Seyahat acentesi, tur operatörü, diğer rezervasyon hizmetleri ve ilgili hizmetler Travel agency, tour operator and other reservation services and related services",0.972076706369614,0.9999999999987881,0.027923293630386037,,False,False,False,False,False,False
household_equal_additive,0.1,N80-N82,"Güvenlik ve soruşturma hizmetleri; bina ve çevre düzenleme (peyzaj) hizmetleri; büro yönetimi, büro destek ve diğer iş destek hizmetleri Security and investigation services; services to buildings and landscape; office administrative, office support and other business support services",0.9101422253281838,1.0,0.08985777467181622,,False,False,False,False,False,False
household_equal_additive,0.1,O84,Kamu yönetimi ve savunma hizmetleri; zorunlu sosyal güvenlik hizmetleri Public administration and defence services; compulsory social security services,0.972019644578731,1.0,0.027980355421268976,,False,False,False,False,False,False
household_equal_additive,0.1,P85,Eğitim hizmetleri Education services,0.9982054509766318,1.0,0.001794549023368175,,False,False,False,False,False,False
household_equal_additive,0.1,Q86,İnsan sağlığı hizmetleri Human health services,0.9982990581066272,0.9999999999999989,0.001700941893372776,,False,False,False,False,False,False
household_equal_additive,0.1,Q87_Q88,Yatılı bakım hizmetleri; barınacak yer sağlanmaksızın verilen sosyal hizmetler Residential care services; social work services without accommodation,0.9943577999324538,1.0,0.0056422000675462325,,False,False,False,False,False,False
household_equal_additive,0.1,R90-R92,"Yaratıcı sanatlar, gösteri sanatları ve eğlence hizmetleri; kütüphane, arşiv, müze ve diğer kültürel hizmetler; kumar ve müşterek bahis hizmetleri Creative, arts, entertainment, library, archive, museum, other cultural services; gambling and betting services",0.9973275079305356,1.0,0.002672492069464405,,False,False,False,False,False,False
household_equal_additive,0.1,R93,Spor hizmetleri ile eğlence ve dinlence hizmetleri Sporting services and amusement and recreation services,0.9853584782889226,0.9999999999999993,0.014641521711077354,,False,False,False,False,False,False
household_equal_additive,0.1,S94,Üye olunan kuruluşlar tarafından verilen hizmetler Services furnished by membership organisations,0.9959425920740469,1.0,0.004057407925953105,,False,False,False,False,False,False
household_equal_additive,0.1,S95,"Bilgisayarların, kişisel eşyaların ve ev eşyalarının onarımına ilişkin hizmetler Repair services of computers and personal and household goods",0.9732644831991124,0.9999999999983424,0.026735516800887593,,False,False,False,False,False,False
household_equal_additive,0.1,S96,Diğer kişisel hizmetler Other personal services,0.9866824802035885,0.9999999999999997,0.013317519796411492,,False,False,False,False,False,False
household_equal_additive,0.1,T,Ev içi çalışan personelin işverenleri olarak hanehalklarının hizmetleri Services of households as employers; undifferentiated goods and services produced by households for own use,1.0,1.0,0.0,,False,False,False,False,False,False
household_monetary_additive,0.1,A01,"Tarım ve avcılık ürünleri ve ilgili hizmetler Products of agriculture, hunting and related services",0.9982191898362195,0.9999999999985255,0.0017808101637805107,,False,False,False,False,False,False
household_monetary_additive,0.1,A02,"Orman ürünleri ve ilgili hizmetler Products of forestry, logging and related services",0.9917234922582997,0.9999999999933216,0.0082765077417003,,False,False,False,False,False,False
household_monetary_additive,0.1,A03,Balık ve diğer balıkçılık ürünleri; su ürünleri; balıkçılık için destekleyici hizmetler Fish and other fishing products; aquaculture products; support services to fishing,0.9999476945152416,0.9999999999520517,5.230548475843033e-05,,False,False,False,False,False,False
household_monetary_additive,0.1,B,Madencilik ve taşocakçılığı Mining and quarrying,0.9548631510239235,0.9999999999999942,0.045136848976076505,,False,False,False,False,False,False
household_monetary_additive,0.1,C10-C12,"Gıda, içecekler ve tütün ürünleri Food, beverages and tobacco products",0.9978677141002332,1.0,0.0021322858997667726,,False,False,False,False,False,False
household_monetary_additive,0.1,C13-C15,"Tekstil, giyim eşyası, deri ve ilgili ürünler Textiles, wearing apparel, leather and related products",0.9982048528953076,1.0,0.0017951471046924183,,False,False,False,False,False,False
household_monetary_additive,0.1,C16,"Kereste, ağaç ürünleri ve mantar ürünleri (mobilya hariç); hasır ve örme malzemesinden (saz, saman vb.) ürünler Wood and of products of wood and cork, except furniture; articles of straw and plaiting materials",0.982791332860488,1.0,0.01720866713951197,,False,False,False,False,False,False
household_monetary_additive,0.1,C17,Kağıt ve kağıt ürünleri Paper and paper products,0.99145445668415,0.9999999999999972,0.008545543315850002,,False,False,False,False,False,False
household_monetary_additive,0.1,C18,Basım ve kayıt hizmetleri Printing and recording services,0.9890951255096476,0.9999999999947438,0.010904874490352379,,False,False,False,False,False,False
household_monetary_additive,0.1,C19,Kok ve rafine petrol ürünleri Coke and refined petroleum products,0.9880740098409793,0.9999999999985965,0.011925990159020738,,False,False,False,False,False,False
household_monetary_additive,0.1,C20,Kimyasallar ve kimyasal ürünler Chemicals and chemical products,0.9934975796914638,0.9999999999999951,0.006502420308536205,,False,False,False,False,False,False
household_monetary_additive,0.1,C21,Temel eczacılık ürünleri ve müstahzarları Basic pharmaceutical products and pharmaceutical preparations,0.9981122772895019,0.9999999999999991,0.0018877227104980854,,False,False,False,False,False,False
household_monetary_additive,0.1,C22,Kauçuk ve plastik ürünler Rubber and plastic products,0.9885026179383218,0.9999999999997884,0.011497382061678163,,False,False,False,False,False,False
household_monetary_additive,0.1,C23,Diğer metalik olmayan mineral ürünleri Other non-metallic mineral products,0.7451375922406082,8.881784197001252e-16,0.25486240775939184,,True,True,True,True,True,False
household_monetary_additive,0.1,C24,Ana metaller Basic metals,0.9950357371885591,0.9999999999892478,0.0049642628114409115,,False,False,False,False,False,False
household_monetary_additive,0.1,C25,"Fabrikasyon metal ürünler, makine ve ekipmanlar hariç Fabricated metal products, except machinery and equipment",0.9918182801384641,0.999999999400503,0.00818171986153593,,False,False,False,False,False,False
household_monetary_additive,0.1,C26,"Bilgisayarlar ile elektronik ve optik ürünler Computer, electronic and optical products",0.9757805911907084,1.0,0.02421940880929163,,False,False,False,False,False,False
household_monetary_additive,0.1,C27,Elektrikli teçhizat Electrical equipment,0.9929301749662539,0.9999999998774193,0.007069825033746091,,False,False,False,False,False,False
household_monetary_additive,0.1,C28,Başka yerde sınıflandırılmamış makine ve ekipmanlar Machinery and equipment n.e.c.,0.9961920461331624,0.999999999997058,0.0038079538668376323,,False,False,False,False,False,False
household_monetary_additive,0.1,C29,"Motorlu kara taşıtları, treyler (römork) ve yarı treyler (yarı römork) Motor vehicles, trailers and semi-trailers",0.9984347213445662,0.9999999991513602,0.001565278655433766,,False,False,False,False,False,False
household_monetary_additive,0.1,C30,Diğer ulaşım araçları Other transport equipment,0.9974032553012514,0.9999999999989713,0.0025967446987485987,,False,False,False,False,False,False
household_monetary_additive,0.1,C31_C32,Mobilya ve diğer mamul eşyalar Furniture and other manufactured goods,0.996946181224374,1.0,0.0030538187756260493,,False,False,False,False,False,False
household_monetary_additive,0.1,C33,Makine ve ekipmanların kurulumu ve onarımı Repair and installation services of machinery and equipment,0.9919578318984309,1.0,0.008042168101569103,,False,False,False,False,False,False
household_monetary_additive,0.1,D35,"Elektrik, gaz, buhar ve iklimlendirme Electricity, gas, steam and air conditioning",0.9,0.9848037844805226,0.09999999999999998,,True,True,True,False,False,True
household_monetary_additive,0.1,E36,Doğal su; suyun arıtılması ve temini hizmetleri Natural water; water treatment and supply services,0.0757437147345419,0.0,0.9242562852654581,,True,True,True,True,True,False
household_monetary_additive,0.1,E37-E39,"Kanalizasyon hizmetleri, kanalizasyon çamuru; atığın toplanması, işlenmesi ve bertarafı; maddelerin geri kazanımı; iyileştirme hizmetleri ve diğer atık yönetimi hizmetleri Sewerage services; sewage sludge; waste collection, treatment and disposal services; materials recovery services; remediation services and other wa...",0.9883503317036451,1.0,0.011649668296354942,,False,False,False,False,False,False
household_monetary_additive,0.1,F,İnşaatlar ve inşaat işleri Constructions and construction works,0.9983232127421233,0.9999999999998301,0.0016767872578766774,,False,False,False,False,False,False
household_monetary_additive,0.1,G45,Toptan ve perakende ticaret ile motorlu kara taşıtlarının ve motosikletlerin onarım hizmetleri Wholesale and retail trade and repair services of motor vehicles and motorcycles,0.9926316677857026,1.0,0.007368332214297446,,False,False,False,False,False,False
household_monetary_additive,0.1,G46,"Toptan ticaret, motorlu kara taşıtları ve motosikletler hariç Wholesale trade services, except of motor vehicles and motorcycles",0.9933829381072149,1.0,0.006617061892785103,,False,False,False,False,False,False
household_monetary_additive,0.1,G47,"Perakende ticaret (motorlu kara taşıtları ve motosikletler hariç) Retail trade services, except of motor vehicles and motorcycles",0.9935772771404195,1.0,0.006422722859580454,,False,False,False,False,False,False
household_monetary_additive,0.1,H49,Kara taşımacılığı ve boru hattı taşımacılığı hizmetleri Land transport services and transport services via pipelines,0.9910083955828546,0.9999999999999886,0.008991604417145416,,False,False,False,False,False,False
household_monetary_additive,0.1,H50,Su yolu taşımacılığı hizmetleri Water transport services,0.9969229741689853,0.9999999997957613,0.003077025831014657,,False,False,False,False,False,False
household_monetary_additive,0.1,H51,Hava yolu taşımacılığı hizmetleri Air transport services,0.9982951122881806,0.999999999994405,0.001704887711819425,,False,False,False,False,False,False
household_monetary_additive,0.1,H52,"Depolama ve destek hizmetleri, taşımacılık için Warehousing and support services for transportation",0.9855654931840303,0.9999999999905582,0.014434506815969694,,False,False,False,False,False,False
household_monetary_additive,0.1,H53,Posta ve kurye hizmetleri Postal and courier services,0.9909649117238208,0.9999999999949747,0.00903508827617916,,False,False,False,False,False,False
household_monetary_additive,0.1,I,Konaklama ve yiyecek hizmetleri Accommodation and food services,0.9975296643346868,1.0,0.0024703356653131836,,False,False,False,False,False,False
household_monetary_additive,0.1,J58,Yayıncılık hizmetleri Publishing services,0.9899304712063043,1.0,0.010069528793695715,,False,False,False,False,False,False
household_monetary_additive,0.1,J59_J60,"Sinema filmi, video ve televizyon programı yapımcılık hizmetleri, ses kaydı ve müzik yayımlama; programcılık ve yayıncılık hizmetleri Motion picture, video and television programme production services, sound recording and music publishing; programming and broadcasting services",0.9860954390367964,0.999999999957655,0.013904560963203583,,False,False,False,False,False,False
household_monetary_additive,0.1,J61,Telekomünikasyon hizmetleri Telecommunications services,0.6088925198034743,0.4229624310011123,0.39110748019652575,,True,True,True,True,True,True
household_monetary_additive,0.1,J62_J63,"Bilgisayar programlama, danışmanlık ve ilgili hizmetler; bilgi hizmetleri Computer programming, consultancy and related services; Information services",0.9870206295735736,1.0,0.012979370426426384,,False,False,False,False,False,False
household_monetary_additive,0.1,K64,"Finansal hizmetler (sigorta ve bireysel emeklilik hariç) Financial services, except insurance and pension funding",0.9815950303122628,0.9999999999990752,0.018404969687737194,,False,False,False,False,False,False
household_monetary_additive,0.1,K65,"Sigorta, reasürans ve emeklilik fonları hizmetleri, zorunlu sosyal güvenlik hariç Insurance, reinsurance and pension funding services, except compulsory social security",0.985509288850334,0.9999999999999933,0.014490711149666047,,False,False,False,False,False,False
household_monetary_additive,0.1,K66,Finansal hizmetler ile sigorta hizmetlerine yardımcı hizmetler Services auxiliary to financial services and insurance services,0.9866743944923355,0.9999999999993553,0.013325605507664484,,False,False,False,False,False,False
household_monetary_additive,0.1,L68B,Gayrimenkul hizmetleri Real estate services excluding imputed rents,0.5275860505721667,0.0,0.4724139494278333,,True,True,True,True,True,False
household_monetary_additive,0.1,L68A,Kendi konutunda ikamet edenler için izafi kira Imputed rents of owner-occupied dwellings,1.0,1.0,0.0,,False,False,False,False,False,False
household_monetary_additive,0.1,M69_M70,Hukuk ve muhasebe hizmetleri; idare merkezi hizmetleri; idari danışmanlık hizmetleri Legal and accounting services;Services of head offices; management consulting services,0.9720961851382407,1.0,0.027903814861759302,,False,False,False,False,False,False
household_monetary_additive,0.1,M71,Mimarlık ve mühendislik hizmetleri; teknik test ve analiz hizmetleri Architectural and engineering services; technical testing and analysis services,0.9768141442742893,0.999999999998751,0.023185855725710747,,False,False,False,False,False,False
household_monetary_additive,0.1,M72,Bilimsel araştırma ve geliştirme hizmetleri Scientific research and development services,0.9998168569995155,0.9999999999995776,0.00018314300048449805,,False,False,False,False,False,False
household_monetary_additive,0.1,M73,Reklamcılık ve pazar araştırması hizmetleri Advertising and market research services,0.9743161358859492,1.0,0.02568386411405077,,False,False,False,False,False,False
household_monetary_additive,0.1,M74_M75,"Diğer mesleki, bilimsel ve teknik hizmetler; veterinerlik hizmetleri Other professional, scientific and technical services and veterinary services",0.9872699556064743,0.9999999999984126,0.012730044393525652,,False,False,False,False,False,False
household_monetary_additive,0.1,N77,Kiralama ve leasing hizmetleri Rental and leasing services,0.9803249570125608,0.9999999999942095,0.019675042987439162,,False,False,False,False,False,False
household_monetary_additive,0.1,N78,İstihdam hizmetleri Employment services,0.9910517215291408,0.9999999999983031,0.008948278470859217,,False,False,False,False,False,False
household_monetary_additive,0.1,N79,"Seyahat acentesi, tur operatörü, diğer rezervasyon hizmetleri ve ilgili hizmetler Travel agency, tour operator and other reservation services and related services",0.9928772006872738,0.9999999999987395,0.007122799312726191,,False,False,False,False,False,False
household_monetary_additive,0.1,N80-N82,"Güvenlik ve soruşturma hizmetleri; bina ve çevre düzenleme (peyzaj) hizmetleri; büro yönetimi, büro destek ve diğer iş destek hizmetleri Security and investigation services; services to buildings and landscape; office administrative, office support and other business support services",0.9587335214187163,0.9999999999886846,0.04126647858128374,,False,False,False,False,False,False
household_monetary_additive,0.1,O84,Kamu yönetimi ve savunma hizmetleri; zorunlu sosyal güvenlik hizmetleri Public administration and defence services; compulsory social security services,0.989248241164419,1.0,0.010751758835580993,,False,False,False,False,False,False
household_monetary_additive,0.1,P85,Eğitim hizmetleri Education services,0.9994841961364057,1.0,0.0005158038635942885,,False,False,False,False,False,False
household_monetary_additive,0.1,Q86,İnsan sağlığı hizmetleri Human health services,0.9995332719523851,0.9999999999999982,0.00046672804761493936,,False,False,False,False,False,False
household_monetary_additive,0.1,Q87_Q88,Yatılı bakım hizmetleri; barınacak yer sağlanmaksızın verilen sosyal hizmetler Residential care services; social work services without accommodation,0.9989589968724629,1.0,0.0010410031275370768,,False,False,False,False,False,False
household_monetary_additive,0.1,R90-R92,"Yaratıcı sanatlar, gösteri sanatları ve eğlence hizmetleri; kütüphane, arşiv, müze ve diğer kültürel hizmetler; kumar ve müşterek bahis hizmetleri Creative, arts, entertainment, library, archive, museum, other cultural services; gambling and betting services",0.9991802192446567,0.9999999999999998,0.0008197807553432801,,False,False,False,False,False,False
household_monetary_additive,0.1,R93,Spor hizmetleri ile eğlence ve dinlence hizmetleri Sporting services and amusement and recreation services,0.996171983856431,1.0,0.0038280161435689797,,False,False,False,False,False,False
household_monetary_additive,0.1,S94,Üye olunan kuruluşlar tarafından verilen hizmetler Services furnished by membership organisations,0.9990250162873102,0.9999999999999996,0.0009749837126897809,,False,False,False,False,False,False
household_monetary_additive,0.1,S95,"Bilgisayarların, kişisel eşyaların ve ev eşyalarının onarımına ilişkin hizmetler Repair services of computers and personal and household goods",0.9956572570432858,0.9999999999982794,0.004342742956714218,,False,False,False,False,False,False
household_monetary_additive,0.1,S96,Diğer kişisel hizmetler Other personal services,0.9940056979227333,0.9999999999997174,0.0059943020772667,,False,False,False,False,False,False
household_monetary_additive,0.1,T,Ev içi çalışan personelin işverenleri olarak hanehalklarının hizmetleri Services of households as employers; undifferentiated goods and services produced by households for own use,1.0,1.0,0.0,,False,False,False,False,False,False
household_lexicographic_maxmin,0.1,A01,"Tarım ve avcılık ürünleri ve ilgili hizmetler Products of agriculture, hunting and related services",0.8753748736239844,0.8753168447075726,0.12462512637601564,0.8753168457088785,True,True,True,True,True,True
household_lexicographic_maxmin,0.1,A02,"Orman ürünleri ve ilgili hizmetler Products of forestry, logging and related services",0.8754433986040601,0.8753168446320793,0.12455660139593994,0.8753168457088785,True,True,True,True,True,True
household_lexicographic_maxmin,0.1,A03,Balık ve diğer balıkçılık ürünleri; su ürünleri; balıkçılık için destekleyici hizmetler Fish and other fishing products; aquaculture products; support services to fishing,0.8753180767469949,0.8753168446664713,0.12468192325300509,0.8753168457088785,True,True,True,True,True,True
household_lexicographic_maxmin,0.1,B,Madencilik ve taşocakçılığı Mining and quarrying,0.8783099593412806,0.8753168447088804,0.12169004065871936,0.8753168457088785,True,True,True,True,True,True
household_lexicographic_maxmin,0.1,C10-C12,"Gıda, içecekler ve tütün ürünleri Food, beverages and tobacco products",0.8753632871649544,0.8753168447088794,0.12463671283504563,0.8753168457088785,True,True,True,True,True,True
household_lexicographic_maxmin,0.1,C13-C15,"Tekstil, giyim eşyası, deri ve ilgili ürünler Textiles, wearing apparel, leather and related products",0.8753662751004033,0.8753168447088777,0.12463372489959668,0.8753168457088785,True,True,True,True,True,True
household_lexicographic_maxmin,0.1,C16,"Kereste, ağaç ürünleri ve mantar ürünleri (mobilya hariç); hasır ve örme malzemesinden (saz, saman vb.) ürünler Wood and of products of wood and cork, except furniture; articles of straw and plaiting materials",0.8755620634202634,0.8753168447088857,0.12443793657973656,0.8753168457088785,True,True,True,True,True,True
household_lexicographic_maxmin,0.1,C17,Kağıt ve kağıt ürünleri Paper and paper products,0.8754568733970316,0.8753168447088878,0.1245431266029684,0.8753168457088785,True,True,True,True,True,True
household_lexicographic_maxmin,0.1,C18,Basım ve kayıt hizmetleri Printing and recording services,0.875592852420989,0.8753257354278503,0.12440714757901095,0.8753168457088785,True,True,True,True,True,True
household_lexicographic_maxmin,0.1,C19,Kok ve rafine petrol ürünleri Coke and refined petroleum products,0.8756533137128202,0.8753168447076352,0.12434668628717982,0.8753168457088785,True,True,True,True,True,True
household_lexicographic_maxmin,0.1,C20,Kimyasallar ve kimyasal ürünler Chemicals and chemical products,0.875442537405764,0.8753168447088688,0.12455746259423595,0.8753168457088785,True,True,True,True,True,True
household_lexicographic_maxmin,0.1,C21,Temel eczacılık ürünleri ve müstahzarları Basic pharmaceutical products and pharmaceutical preparations,0.8753531185251124,0.8753168447088813,0.12464688147488756,0.8753168457088785,True,True,True,True,True,True
household_lexicographic_maxmin,0.1,C22,Kauçuk ve plastik ürünler Rubber and plastic products,0.8754777216519307,0.8753168447088916,0.12452227834806928,0.8753168457088785,True,True,True,True,True,True
household_lexicographic_maxmin,0.1,C23,Diğer metalik olmayan mineral ürünleri Other non-metallic mineral products,0.8755719311218162,0.8753168447088777,0.1244280688781838,0.8753168457088785,True,True,True,True,True,True
household_lexicographic_maxmin,0.1,C24,Ana metaller Basic metals,0.8755302953506898,0.8753168446993784,0.12446970464931018,0.8753168457088785,True,True,True,True,True,True
household_lexicographic_maxmin,0.1,C25,"Fabrikasyon metal ürünler, makine ve ekipmanlar hariç Fabricated metal products, except machinery and equipment",0.8755523895414921,0.8753168441806677,0.12444761045850794,0.8753168457088785,True,True,True,True,True,True
household_lexicographic_maxmin,0.1,C26,"Bilgisayarlar ile elektronik ve optik ürünler Computer, electronic and optical products",0.8764035320092746,0.8753168447085751,0.12359646799072543,0.8753168457088785,True,True,True,True,True,True
household_lexicographic_maxmin,0.1,C27,Elektrikli teçhizat Electrical equipment,0.8757443656667956,0.8753168446015167,0.12425563433320441,0.8753168457088785,True,True,True,True,True,True
household_lexicographic_maxmin,0.1,C28,Başka yerde sınıflandırılmamış makine ve ekipmanlar Machinery and equipment n.e.c.,0.8754549455433316,0.8753168447062929,0.12454505445666841,0.8753168457088785,True,True,True,True,True,True
household_lexicographic_maxmin,0.1,C29,"Motorlu kara taşıtları, treyler (römork) ve yarı treyler (yarı römork) Motor vehicles, trailers and semi-trailers",0.8753526726255095,0.8753168439561085,0.12464732737449047,0.8753168457088785,True,True,True,True,True,True
household_lexicographic_maxmin,0.1,C30,Diğer ulaşım araçları Other transport equipment,0.8753609427265044,0.8753168447080226,0.12463905727349556,0.8753168457088785,True,True,True,True,True,True
household_lexicographic_maxmin,0.1,C31_C32,Mobilya ve diğer mamul eşyalar Furniture and other manufactured goods,0.8753798839680748,0.8753168447088715,0.12462011603192524,0.8753168457088785,True,True,True,True,True,True
household_lexicographic_maxmin,0.1,C33,Makine ve ekipmanların kurulumu ve onarımı Repair and installation services of machinery and equipment,0.8757875575688873,0.8753168447088908,0.12421244243111274,0.8753168457088785,True,True,True,True,True,True
household_lexicographic_maxmin,0.1,D35,"Elektrik, gaz, buhar ve iklimlendirme Electricity, gas, steam and air conditioning",0.9,0.9848037844805813,0.09999999999999998,0.8753168457088785,True,True,True,False,False,True
household_lexicographic_maxmin,0.1,E36,Doğal su; suyun arıtılması ve temini hizmetleri Natural water; water treatment and supply services,0.875338075115861,0.8753168446782404,0.12466192488413896,0.8753168457088785,True,True,True,True,True,True
household_lexicographic_maxmin,0.1,E37-E39,"Kanalizasyon hizmetleri, kanalizasyon çamuru; atığın toplanması, işlenmesi ve bertarafı; maddelerin geri kazanımı; iyileştirme hizmetleri ve diğer atık yönetimi hizmetleri Sewerage services; sewage sludge; waste collection, treatment and disposal services; materials recovery services; remediation services and other wa...",0.8756113830422401,0.8753168447080681,0.12438861695775993,0.8753168457088785,True,True,True,True,True,True
household_lexicographic_maxmin,0.1,F,İnşaatlar ve inşaat işleri Constructions and construction works,0.8753330455736901,0.8753168447087296,0.12466695442630993,0.8753168457088785,True,True,True,True,True,True
household_lexicographic_maxmin,0.1,G45,Toptan ve perakende ticaret ile motorlu kara taşıtlarının ve motosikletlerin onarım hizmetleri Wholesale and retail trade and repair services of motor vehicles and motorcycles,0.8755126127791281,0.875316844708999,0.12448738722087194,0.8753168457088785,True,True,True,True,True,True
household_lexicographic_maxmin,0.1,G46,"Toptan ticaret, motorlu kara taşıtları ve motosikletler hariç Wholesale trade services, except of motor vehicles and motorcycles",0.8755500844705315,0.8753168447088789,0.12444991552946849,0.8753168457088785,True,True,True,True,True,True
household_lexicographic_maxmin,0.1,G47,"Perakende ticaret (motorlu kara taşıtları ve motosikletler hariç) Retail trade services, except of motor vehicles and motorcycles",0.8755027680173547,0.8753168447089968,0.12449723198264528,0.8753168457088785,True,True,True,True,True,True
household_lexicographic_maxmin,0.1,H49,Kara taşımacılığı ve boru hattı taşımacılığı hizmetleri Land transport services and transport services via pipelines,0.8756202855923934,0.875316844708873,0.12437971440760665,0.8753168457088785,True,True,True,True,True,True
household_lexicographic_maxmin,0.1,H50,Su yolu taşımacılığı hizmetleri Water transport services,0.8754722046410862,0.8753168445263038,0.12452779535891378,0.8753168457088785,True,True,True,True,True,True
household_lexicographic_maxmin,0.1,H51,Hava yolu taşımacılığı hizmetleri Air transport services,0.8753660669920476,0.8753168447038709,0.12463393300795245,0.8753168457088785,True,True,True,True,True,True
household_lexicographic_maxmin,0.1,H52,"Depolama ve destek hizmetleri, taşımacılık için Warehousing and support services for transportation",0.8758311556981226,0.8753168446997415,0.12416884430187736,0.8753168457088785,True,True,True,True,True,True
household_lexicographic_maxmin,0.1,H53,Posta ve kurye hizmetleri Postal and courier services,0.8755770314468857,0.8753168447091887,0.1244229685531143,0.8753168457088785,True,True,True,True,True,True
household_lexicographic_maxmin,0.1,I,Konaklama ve yiyecek hizmetleri Accommodation and food services,0.8753550616500538,0.8753168447088778,0.12464493834994617,0.8753168457088785,True,True,True,True,True,True
household_lexicographic_maxmin,0.1,J58,Yayıncılık hizmetleri Publishing services,0.8755400868640378,0.8753168447088496,0.12445991313596216,0.8753168457088785,True,True,True,True,True,True
household_lexicographic_maxmin,0.1,J59_J60,"Sinema filmi, video ve televizyon programı yapımcılık hizmetleri, ses kaydı ve müzik yayımlama; programcılık ve yayıncılık hizmetleri Motion picture, video and television programme production services, sound recording and music publishing; programming and broadcasting services",0.8754884186799438,0.8753168446717424,0.12451158132005624,0.8753168457088785,True,True,True,True,True,True
household_lexicographic_maxmin,0.1,J61,Telekomünikasyon hizmetleri Telecommunications services,0.8755163497460188,0.8753168447086912,0.12448365025398123,0.8753168457088785,True,True,True,True,True,True
household_lexicographic_maxmin,0.1,J62_J63,"Bilgisayar programlama, danışmanlık ve ilgili hizmetler; bilgi hizmetleri Computer programming, consultancy and related services; Information services",0.8755644696633222,0.8753168447084763,0.12443553033667776,0.8753168457088785,True,True,True,True,True,True
household_lexicographic_maxmin,0.1,K64,"Finansal hizmetler (sigorta ve bireysel emeklilik hariç) Financial services, except insurance and pension funding",0.8765423191719544,0.875316844707212,0.12345768082804565,0.8753168457088785,True,True,True,True,True,True
household_lexicographic_maxmin,0.1,K65,"Sigorta, reasürans ve emeklilik fonları hizmetleri, zorunlu sosyal güvenlik hariç Insurance, reinsurance and pension funding services, except compulsory social security",0.8762116711300398,0.8753168447088646,0.12378832886996016,0.8753168457088785,True,True,True,True,True,True
household_lexicographic_maxmin,0.1,K66,Finansal hizmetler ile sigorta hizmetlerine yardımcı hizmetler Services auxiliary to financial services and insurance services,0.8756119302246028,0.8753168447086104,0.12438806977539718,0.8753168457088785,True,True,True,True,True,True
household_lexicographic_maxmin,0.1,L68B,Gayrimenkul hizmetleri Real estate services excluding imputed rents,0.8755393070651778,0.8753168447089232,0.1244606929348222,0.8753168457088785,True,True,True,True,True,True
household_lexicographic_maxmin,0.1,L68A,Kendi konutunda ikamet edenler için izafi kira Imputed rents of owner-occupied dwellings,0.8753168447088785,0.8753168447088785,0.1246831552911215,0.8753168457088785,True,True,True,True,True,True
household_lexicographic_maxmin,0.1,M69_M70,Hukuk ve muhasebe hizmetleri; idare merkezi hizmetleri; idari danışmanlık hizmetleri Legal and accounting services;Services of head offices; management consulting services,0.8761673346749332,0.8753168447097837,0.12383266532506676,0.8753168457088785,True,True,True,True,True,True
household_lexicographic_maxmin,0.1,M71,Mimarlık ve mühendislik hizmetleri; teknik test ve analiz hizmetleri Architectural and engineering services; technical testing and analysis services,0.8769573810659782,0.8753168447088809,0.1230426189340218,0.8753168457088785,True,True,True,True,True,True
household_lexicographic_maxmin,0.1,M72,Bilimsel araştırma ve geliştirme hizmetleri Scientific research and development services,0.8753202314975599,0.8753168447088792,0.12467976850244011,0.8753168457088785,True,True,True,True,True,True
household_lexicographic_maxmin,0.1,M73,Reklamcılık ve pazar araştırması hizmetleri Advertising and market research services,0.8757235094193789,0.8753168447133888,0.12427649058062107,0.8753168457088785,True,True,True,True,True,True
household_lexicographic_maxmin,0.1,M74_M75,"Diğer mesleki, bilimsel ve teknik hizmetler; veterinerlik hizmetleri Other professional, scientific and technical services and veterinary services",0.8758790625879024,0.8753168447085038,0.12412093741209762,0.8753168457088785,True,True,True,True,True,True
household_lexicographic_maxmin,0.1,N77,Kiralama ve leasing hizmetleri Rental and leasing services,0.8764013641001641,0.8753168447088817,0.12359863589983588,0.8753168457088785,True,True,True,True,True,True
household_lexicographic_maxmin,0.1,N78,İstihdam hizmetleri Employment services,0.8757797986014624,0.8753168447073759,0.12422020139853762,0.8753168457088785,True,True,True,True,True,True
household_lexicographic_maxmin,0.1,N79,"Seyahat acentesi, tur operatörü, diğer rezervasyon hizmetleri ve ilgili hizmetler Travel agency, tour operator and other reservation services and related services",0.8754200014294709,0.8753168447077688,0.12457999857052915,0.8753168457088785,True,True,True,True,True,True
household_lexicographic_maxmin,0.1,N80-N82,"Güvenlik ve soruşturma hizmetleri; bina ve çevre düzenleme (peyzaj) hizmetleri; büro yönetimi, büro destek ve diğer iş destek hizmetleri Security and investigation services; services to buildings and landscape; office administrative, office support and other business support services",0.8763922882325759,0.8753168447088822,0.12360771176742413,0.8753168457088785,True,True,True,True,True,True
household_lexicographic_maxmin,0.1,O84,Kamu yönetimi ve savunma hizmetleri; zorunlu sosyal güvenlik hizmetleri Public administration and defence services; compulsory social security services,0.8755967927771477,0.8753168447088779,0.12440320722285225,0.8753168457088785,True,True,True,True,True,True
household_lexicographic_maxmin,0.1,P85,Eğitim hizmetleri Education services,0.8753304854970636,0.8753168447088787,0.1246695145029364,0.8753168457088785,True,True,True,True,True,True
household_lexicographic_maxmin,0.1,Q86,İnsan sağlığı hizmetleri Human health services,0.8753242739794473,0.8753168447088769,0.12467572602055266,0.8753168457088785,True,True,True,True,True,True
household_lexicographic_maxmin,0.1,Q87_Q88,Yatılı bakım hizmetleri; barınacak yer sağlanmaksızın verilen sosyal hizmetler Residential care services; social work services without accommodation,0.8753406943813604,0.8753168447088788,0.12465930561863958,0.8753168457088785,True,True,True,True,True,True
household_lexicographic_maxmin,0.1,R90-R92,"Yaratıcı sanatlar, gösteri sanatları ve eğlence hizmetleri; kütüphane, arşiv, müze ve diğer kültürel hizmetler; kumar ve müşterek bahis hizmetleri Creative, arts, entertainment, library, archive, museum, other cultural services; gambling and betting services",0.8753296018481787,0.8753168447088785,0.12467039815182135,0.8753168457088785,True,True,True,True,True,True
household_lexicographic_maxmin,0.1,R93,Spor hizmetleri ile eğlence ve dinlence hizmetleri Sporting services and amusement and recreation services,0.8753829190030027,0.8753168447088783,0.12461708099699731,0.8753168457088785,True,True,True,True,True,True
household_lexicographic_maxmin,0.1,S94,Üye olunan kuruluşlar tarafından verilen hizmetler Services furnished by membership organisations,0.8753605605359357,0.8753168447088784,0.1246394394640643,0.8753168457088785,True,True,True,True,True,True
household_lexicographic_maxmin,0.1,S95,"Bilgisayarların, kişisel eşyaların ve ev eşyalarının onarımına ilişkin hizmetler Repair services of computers and personal and household goods",0.8753957517001023,0.8753168447067093,0.12460424829989769,0.8753168457088785,True,True,True,True,True,True
household_lexicographic_maxmin,0.1,S96,Diğer kişisel hizmetler Other personal services,0.875365824913308,0.8753168447088787,0.12463417508669195,0.8753168457088785,True,True,True,True,True,True
household_lexicographic_maxmin,0.1,T,Ev içi çalışan personelin işverenleri olarak hanehalklarının hizmetleri Services of households as employers; undifferentiated goods and services produced by households for own use,1.0,1.0,0.0,0.8753168457088785,False,False,False,False,False,False
household_max_output_reference,0.1,A01,"Tarım ve avcılık ürünleri ve ilgili hizmetler Products of agriculture, hunting and related services",0.9982191898362173,0.9999999999985233,0.0017808101637827312,,False,False,False,False,False,False
household_max_output_reference,0.1,A02,"Orman ürünleri ve ilgili hizmetler Products of forestry, logging and related services",0.9917234922582879,0.9999999999933225,0.00827650774171207,,False,False,False,False,False,False
household_max_output_reference,0.1,A03,Balık ve diğer balıkçılık ürünleri; su ürünleri; balıkçılık için destekleyici hizmetler Fish and other fishing products; aquaculture products; support services to fishing,0.9999476945152418,0.9999999999520502,5.230548475820829e-05,,False,False,False,False,False,False
household_max_output_reference,0.1,B,Madencilik ve taşocakçılığı Mining and quarrying,0.9548631510239189,0.9999999999998586,0.045136848976081057,,False,False,False,False,False,False
household_max_output_reference,0.1,C10-C12,"Gıda, içecekler ve tütün ürünleri Food, beverages and tobacco products",0.9978677141002307,1.0,0.002132285899769326,,False,False,False,False,False,False
household_max_output_reference,0.1,C13-C15,"Tekstil, giyim eşyası, deri ve ilgili ürünler Textiles, wearing apparel, leather and related products",0.9982048528953069,0.999999999999992,0.0017951471046930845,,False,False,False,False,False,False
household_max_output_reference,0.1,C16,"Kereste, ağaç ürünleri ve mantar ürünleri (mobilya hariç); hasır ve örme malzemesinden (saz, saman vb.) ürünler Wood and of products of wood and cork, except furniture; articles of straw and plaiting materials",0.9827913328604853,0.9999999999999654,0.017208667139514744,,False,False,False,False,False,False
household_max_output_reference,0.1,C17,Kağıt ve kağıt ürünleri Paper and paper products,0.9914544566841179,1.0,0.008545543315882087,,False,False,False,False,False,False
household_max_output_reference,0.1,C18,Basım ve kayıt hizmetleri Printing and recording services,0.9890951255096017,1.0,0.010904874490398342,,False,False,False,False,False,False
household_max_output_reference,0.1,C19,Kok ve rafine petrol ürünleri Coke and refined petroleum products,0.9880740098410632,0.9999999999986,0.011925990158936806,,False,False,False,False,False,False
household_max_output_reference,0.1,C20,Kimyasallar ve kimyasal ürünler Chemicals and chemical products,0.9934975796915981,1.0,0.006502420308401868,,False,False,False,False,False,False
household_max_output_reference,0.1,C21,Temel eczacılık ürünleri ve müstahzarları Basic pharmaceutical products and pharmaceutical preparations,0.9981122772895108,1.0,0.0018877227104892036,,False,False,False,False,False,False
household_max_output_reference,0.1,C22,Kauçuk ve plastik ürünler Rubber and plastic products,0.9885026179383736,0.9999999999999023,0.011497382061626427,,False,False,False,False,False,False
household_max_output_reference,0.1,C23,Diğer metalik olmayan mineral ürünleri Other non-metallic mineral products,0.7451375922406065,0.0,0.2548624077593935,,True,True,True,True,True,False
household_max_output_reference,0.1,C24,Ana metaller Basic metals,0.9950357371885532,0.9999999999892404,0.004964262811446796,,False,False,False,False,False,False
household_max_output_reference,0.1,C25,"Fabrikasyon metal ürünler, makine ve ekipmanlar hariç Fabricated metal products, except machinery and equipment",0.9918182801384632,0.9999999994005133,0.008181719861536818,,False,False,False,False,False,False
household_max_output_reference,0.1,C26,"Bilgisayarlar ile elektronik ve optik ürünler Computer, electronic and optical products",0.9757805911905232,1.0,0.024219408809476817,,False,False,False,False,False,False
household_max_output_reference,0.1,C27,Elektrikli teçhizat Electrical equipment,0.9929301749662464,0.9999999998774194,0.007069825033753641,,False,False,False,False,False,False
household_max_output_reference,0.1,C28,Başka yerde sınıflandırılmamış makine ve ekipmanlar Machinery and equipment n.e.c.,0.9961920461331686,0.9999999999970713,0.003807953866831415,,False,False,False,False,False,False
household_max_output_reference,0.1,C29,"Motorlu kara taşıtları, treyler (römork) ve yarı treyler (yarı römork) Motor vehicles, trailers and semi-trailers",0.9984347213445697,0.9999999991513631,0.0015652786554303244,,False,False,False,False,False,False
household_max_output_reference,0.1,C30,Diğer ulaşım araçları Other transport equipment,0.9974032553010853,0.9999999999987953,0.002596744698914688,,False,False,False,False,False,False
household_max_output_reference,0.1,C31_C32,Mobilya ve diğer mamul eşyalar Furniture and other manufactured goods,0.9969461812243595,1.0,0.003053818775640482,,False,False,False,False,False,False
household_max_output_reference,0.1,C33,Makine ve ekipmanların kurulumu ve onarımı Repair and installation services of machinery and equipment,0.99195783189838,1.0,0.008042168101619951,,False,False,False,False,False,False
household_max_output_reference,0.1,D35,"Elektrik, gaz, buhar ve iklimlendirme Electricity, gas, steam and air conditioning",0.9,0.984803784481193,0.09999999999999998,,True,True,True,False,False,True
household_max_output_reference,0.1,E36,Doğal su; suyun arıtılması ve temini hizmetleri Natural water; water treatment and supply services,0.07574371473453972,0.0,0.9242562852654603,,True,True,True,True,True,False
household_max_output_reference,0.1,E37-E39,"Kanalizasyon hizmetleri, kanalizasyon çamuru; atığın toplanması, işlenmesi ve bertarafı; maddelerin geri kazanımı; iyileştirme hizmetleri ve diğer atık yönetimi hizmetleri Sewerage services; sewage sludge; waste collection, treatment and disposal services; materials recovery services; remediation services and other wa...",0.9883503317036457,1.0,0.011649668296354276,,False,False,False,False,False,False
household_max_output_reference,0.1,F,İnşaatlar ve inşaat işleri Constructions and construction works,0.9983232127421247,0.9999999999998301,0.001676787257875345,,False,False,False,False,False,False
household_max_output_reference,0.1,G45,Toptan ve perakende ticaret ile motorlu kara taşıtlarının ve motosikletlerin onarım hizmetleri Wholesale and retail trade and repair services of motor vehicles and motorcycles,0.992631667785697,1.0,0.007368332214302997,,False,False,False,False,False,False
household_max_output_reference,0.1,G46,"Toptan ticaret, motorlu kara taşıtları ve motosikletler hariç Wholesale trade services, except of motor vehicles and motorcycles",0.9933829381083669,1.0,0.006617061891633136,,False,False,False,False,False,False
household_max_output_reference,0.1,G47,"Perakende ticaret (motorlu kara taşıtları ve motosikletler hariç) Retail trade services, except of motor vehicles and motorcycles",0.9935772771401906,0.9999999999997506,0.006422722859809382,,False,False,False,False,False,False
household_max_output_reference,0.1,H49,Kara taşımacılığı ve boru hattı taşımacılığı hizmetleri Land transport services and transport services via pipelines,0.9910083955828856,0.9999999999999407,0.00899160441711444,,False,False,False,False,False,False
household_max_output_reference,0.1,H50,Su yolu taşımacılığı hizmetleri Water transport services,0.9969229741690246,0.9999999997957127,0.003077025830975355,,False,False,False,False,False,False
household_max_output_reference,0.1,H51,Hava yolu taşımacılığı hizmetleri Air transport services,0.9982951122881923,0.9999999999944312,0.0017048877118076566,,False,False,False,False,False,False
household_max_output_reference,0.1,H52,"Depolama ve destek hizmetleri, taşımacılık için Warehousing and support services for transportation",0.9855654931838779,0.9999999999891758,0.014434506816122128,,False,False,False,False,False,False
household_max_output_reference,0.1,H53,Posta ve kurye hizmetleri Postal and courier services,0.9909649117271969,1.0,0.009035088272803082,,False,False,False,False,False,False
household_max_output_reference,0.1,I,Konaklama ve yiyecek hizmetleri Accommodation and food services,0.9975296643346823,1.0,0.0024703356653177355,,False,False,False,False,False,False
household_max_output_reference,0.1,J58,Yayıncılık hizmetleri Publishing services,0.9899304712040873,0.9999999999963604,0.010069528795912719,,False,False,False,False,False,False
household_max_output_reference,0.1,J59_J60,"Sinema filmi, video ve televizyon programı yapımcılık hizmetleri, ses kaydı ve müzik yayımlama; programcılık ve yayıncılık hizmetleri Motion picture, video and television programme production services, sound recording and music publishing; programming and broadcasting services",0.9860954390355937,0.9999999999577112,0.013904560964406287,,False,False,False,False,False,False
household_max_output_reference,0.1,J61,Telekomünikasyon hizmetleri Telecommunications services,0.6088925198035077,0.42296243100148595,0.39110748019649233,,True,True,True,True,True,True
household_max_output_reference,0.1,J62_J63,"Bilgisayar programlama, danışmanlık ve ilgili hizmetler; bilgi hizmetleri Computer programming, consultancy and related services; Information services",0.9870206295703196,0.9999999999950538,0.012979370429680448,,False,False,False,False,False,False
household_max_output_reference,0.1,K64,"Finansal hizmetler (sigorta ve bireysel emeklilik hariç) Financial services, except insurance and pension funding",0.9815950303039254,0.9999999999751099,0.018404969696074636,,False,False,False,False,False,False
household_max_output_reference,0.1,K65,"Sigorta, reasürans ve emeklilik fonları hizmetleri, zorunlu sosyal güvenlik hariç Insurance, reinsurance and pension funding services, except compulsory social security",0.9855092888503213,1.0,0.014490711149678703,,False,False,False,False,False,False
household_max_output_reference,0.1,K66,Finansal hizmetler ile sigorta hizmetlerine yardımcı hizmetler Services auxiliary to financial services and insurance services,0.9866743944923936,0.9999999999997536,0.01332560550760642,,False,False,False,False,False,False
household_max_output_reference,0.1,L68B,Gayrimenkul hizmetleri Real estate services excluding imputed rents,0.5275860505719493,2.6278978992877455e-13,0.4724139494280507,,True,True,True,True,True,False
household_max_output_reference,0.1,L68A,Kendi konutunda ikamet edenler için izafi kira Imputed rents of owner-occupied dwellings,1.0,1.0,0.0,,False,False,False,False,False,False
household_max_output_reference,0.1,M69_M70,Hukuk ve muhasebe hizmetleri; idare merkezi hizmetleri; idari danışmanlık hizmetleri Legal and accounting services;Services of head offices; management consulting services,0.9720961851375223,1.0,0.027903814862477727,,False,False,False,False,False,False
household_max_output_reference,0.1,M71,Mimarlık ve mühendislik hizmetleri; teknik test ve analiz hizmetleri Architectural and engineering services; technical testing and analysis services,0.9768141442744814,0.999999999999523,0.023185855725518567,,False,False,False,False,False,False
household_max_output_reference,0.1,M72,Bilimsel araştırma ve geliştirme hizmetleri Scientific research and development services,0.9998168569993651,0.9999999999994269,0.00018314300063493327,,False,False,False,False,False,False
household_max_output_reference,0.1,M73,Reklamcılık ve pazar araştırması hizmetleri Advertising and market research services,0.9743161358809317,1.0,0.02568386411906831,,False,False,False,False,False,False
household_max_output_reference,0.1,M74_M75,"Diğer mesleki, bilimsel ve teknik hizmetler; veterinerlik hizmetleri Other professional, scientific and technical services and veterinary services",0.9872699556067694,1.0,0.012730044393230555,,False,False,False,False,False,False
household_max_output_reference,0.1,N77,Kiralama ve leasing hizmetleri Rental and leasing services,0.9803249570123826,1.0,0.019675042987617353,,False,False,False,False,False,False
household_max_output_reference,0.1,N78,İstihdam hizmetleri Employment services,0.9910517215276142,0.9999999999961504,0.008948278472385773,,False,False,False,False,False,False
household_max_output_reference,0.1,N79,"Seyahat acentesi, tur operatörü, diğer rezervasyon hizmetleri ve ilgili hizmetler Travel agency, tour operator and other reservation services and related services",0.9928772006872396,0.9999999999987425,0.007122799312760386,,False,False,False,False,False,False
household_max_output_reference,0.1,N80-N82,"Güvenlik ve soruşturma hizmetleri; bina ve çevre düzenleme (peyzaj) hizmetleri; büro yönetimi, büro destek ve diğer iş destek hizmetleri Security and investigation services; services to buildings and landscape; office administrative, office support and other business support services",0.9587335214191733,1.0,0.04126647858082666,,False,False,False,False,False,False
household_max_output_reference,0.1,O84,Kamu yönetimi ve savunma hizmetleri; zorunlu sosyal güvenlik hizmetleri Public administration and defence services; compulsory social security services,0.9892482411644442,1.0,0.010751758835555791,,False,False,False,False,False,False
household_max_output_reference,0.1,P85,Eğitim hizmetleri Education services,0.9994841961363949,1.0,0.0005158038636050577,,False,False,False,False,False,False
household_max_output_reference,0.1,Q86,İnsan sağlığı hizmetleri Human health services,0.9995332719523847,0.9999999999999992,0.0004667280476152724,,False,False,False,False,False,False
household_max_output_reference,0.1,Q87_Q88,Yatılı bakım hizmetleri; barınacak yer sağlanmaksızın verilen sosyal hizmetler Residential care services; social work services without accommodation,0.9989589968724608,1.0,0.0010410031275391862,,False,False,False,False,False,False
household_max_output_reference,0.1,R90-R92,"Yaratıcı sanatlar, gösteri sanatları ve eğlence hizmetleri; kütüphane, arşiv, müze ve diğer kültürel hizmetler; kumar ve müşterek bahis hizmetleri Creative, arts, entertainment, library, archive, museum, other cultural services; gambling and betting services",0.9991802192446109,1.0,0.0008197807553891323,,False,False,False,False,False,False
household_max_output_reference,0.1,R93,Spor hizmetleri ile eğlence ve dinlence hizmetleri Sporting services and amusement and recreation services,0.9961719838564137,0.9999999999999988,0.003828016143586299,,False,False,False,False,False,False
household_max_output_reference,0.1,S94,Üye olunan kuruluşlar tarafından verilen hizmetler Services furnished by membership organisations,0.9990250162872333,0.9999999999999997,0.0009749837127667194,,False,False,False,False,False,False
household_max_output_reference,0.1,S95,"Bilgisayarların, kişisel eşyaların ve ev eşyalarının onarımına ilişkin hizmetler Repair services of computers and personal and household goods",0.9956572570416641,0.999999999996076,0.004342742958335921,,False,False,False,False,False,False
household_max_output_reference,0.1,S96,Diğer kişisel hizmetler Other personal services,0.9940056979229696,1.0,0.0059943020770304445,,False,False,False,False,False,False
household_max_output_reference,0.1,T,Ev içi çalışan personelin işverenleri olarak hanehalklarının hizmetleri Services of households as employers; undifferentiated goods and services produced by households for own use,1.0,1.0,0.0,,False,False,False,False,False,False
residual_equal,0.2,A01,"Tarım ve avcılık ürünleri ve ilgili hizmetler Products of agriculture, hunting and related services",0.9995298100131279,0.999999999998511,0.0004701899868720938,,False,False,False,False,False,False
residual_equal,0.2,A02,"Orman ürünleri ve ilgili hizmetler Products of forestry, logging and related services",0.9989745975821234,0.9999999999122766,0.0010254024178766308,,False,False,False,False,False,False
residual_equal,0.2,A03,Balık ve diğer balıkçılık ürünleri; su ürünleri; balıkçılık için destekleyici hizmetler Fish and other fishing products; aquaculture products; support services to fishing,0.9999900167977253,0.9999999999516521,9.983202274743697e-06,,False,False,False,False,False,False
residual_equal,0.2,B,Madencilik ve taşocakçılığı Mining and quarrying,0.9757477162562967,1.0,0.02425228374370325,,False,False,False,False,False,False
residual_equal,0.2,C10-C12,"Gıda, içecekler ve tütün ürünleri Food, beverages and tobacco products",0.9996236916943866,0.9999999999999999,0.00037630830561341533,,False,False,False,False,False,False
residual_equal,0.2,C13-C15,"Tekstil, giyim eşyası, deri ve ilgili ürünler Textiles, wearing apparel, leather and related products",0.9995994834426288,0.9999999999999768,0.00040051655737116665,,False,False,False,False,False,False
residual_equal,0.2,C16,"Kereste, ağaç ürünleri ve mantar ürünleri (mobilya hariç); hasır ve örme malzemesinden (saz, saman vb.) ürünler Wood and of products of wood and cork, except furniture; articles of straw and plaiting materials",0.9980130714482625,0.999999999999972,0.0019869285517375435,,False,False,False,False,False,False
residual_equal,0.2,C17,Kağıt ve kağıt ürünleri Paper and paper products,0.9988654615371184,1.0,0.0011345384628815847,,False,False,False,False,False,False
residual_equal,0.2,C18,Basım ve kayıt hizmetleri Printing and recording services,0.9977650638559326,0.9999999999999236,0.0022349361440674453,,False,False,False,False,False,False
residual_equal,0.2,C19,Kok ve rafine petrol ürünleri Coke and refined petroleum products,0.9972736964675541,0.9999999999985827,0.0027263035324458507,,False,False,False,False,False,False
residual_equal,0.2,C20,Kimyasallar ve kimyasal ürünler Chemicals and chemical products,0.9989815572377451,0.9999999999999607,0.0010184427622549341,,False,False,False,False,False,False
residual_equal,0.2,C21,Temel eczacılık ürünleri ve müstahzarları Basic pharmaceutical products and pharmaceutical preparations,0.9997060852682491,1.0,0.00029391473175088834,,False,False,False,False,False,False
residual_equal,0.2,C22,Kauçuk ve plastik ürünler Rubber and plastic products,0.9986964767865422,1.0,0.0013035232134578356,,False,False,False,False,False,False
residual_equal,0.2,C23,Diğer metalik olmayan mineral ürünleri Other non-metallic mineral products,0.997933115302766,0.999999999999996,0.0020668846972340393,,False,False,False,False,False,False
residual_equal,0.2,C24,Ana metaller Basic metals,0.9982704750654077,0.9999999999891789,0.0017295249345923303,,False,False,False,False,False,False
residual_equal,0.2,C25,"Fabrikasyon metal ürünler, makine ve ekipmanlar hariç Fabricated metal products, except machinery and equipment",0.9980914507139081,0.9999999993985896,0.001908549286091854,,False,False,False,False,False,False
residual_equal,0.2,C26,"Bilgisayarlar ile elektronik ve optik ürünler Computer, electronic and optical products",0.991194909333743,0.9999999999999092,0.00880509066625701,,False,False,False,False,False,False
residual_equal,0.2,C27,Elektrikli teçhizat Electrical equipment,0.9965359292418725,0.999999999877317,0.003464070758127491,,False,False,False,False,False,False
residual_equal,0.2,C28,Başka yerde sınıflandırılmamış makine ve ekipmanlar Machinery and equipment n.e.c.,0.9988810123667041,0.9999999999970497,0.001118987633295876,,False,False,False,False,False,False
residual_equal,0.2,C29,"Motorlu kara taşıtları, treyler (römork) ve yarı treyler (yarı römork) Motor vehicles, trailers and semi-trailers",0.9997096914956303,0.9999999991419869,0.00029030850436972955,,False,False,False,False,False,False
residual_equal,0.2,C30,Diğer ulaşım araçları Other transport equipment,0.9996426877674279,0.9999999999989899,0.00035731223257207123,,False,False,False,False,False,False
residual_equal,0.2,C31_C32,Mobilya ve diğer mamul eşyalar Furniture and other manufactured goods,0.9994892130552752,1.0,0.0005107869447248392,,False,False,False,False,False,False
residual_equal,0.2,C33,Makine ve ekipmanların kurulumu ve onarımı Repair and installation services of machinery and equipment,0.9961859598529915,1.0,0.0038140401470084795,,False,False,False,False,False,False
residual_equal,0.2,D35,"Elektrik, gaz, buhar ve iklimlendirme Electricity, gas, steam and air conditioning",0.8,0.11286104430102029,0.19999999999999996,,True,True,True,True,True,True
residual_equal,0.2,E36,Doğal su; suyun arıtılması ve temini hizmetleri Natural water; water treatment and supply services,0.9998279766006918,0.9999999999650833,0.00017202339930821875,,False,False,False,False,False,False
residual_equal,0.2,E37-E39,"Kanalizasyon hizmetleri, kanalizasyon çamuru; atığın toplanması, işlenmesi ve bertarafı; maddelerin geri kazanımı; iyileştirme hizmetleri ve diğer atık yönetimi hizmetleri Sewerage services; sewage sludge; waste collection, treatment and disposal services; materials recovery services; remediation services and other wa...",0.9976134492398315,0.9999999999999445,0.002386550760168471,,False,False,False,False,False,False
residual_equal,0.2,F,İnşaatlar ve inşaat işleri Constructions and construction works,0.9998687294302042,0.9999999999998298,0.00013127056979578278,,False,False,False,False,False,False
residual_equal,0.2,G45,Toptan ve perakende ticaret ile motorlu kara taşıtlarının ve motosikletlerin onarım hizmetleri Wholesale and retail trade and repair services of motor vehicles and motorcycles,0.9984137539489398,1.0,0.0015862460510601695,,False,False,False,False,False,False
residual_equal,0.2,G46,"Toptan ticaret, motorlu kara taşıtları ve motosikletler hariç Wholesale trade services, except of motor vehicles and motorcycles",0.9981101325190274,0.9999999999999685,0.0018898674809726401,,False,False,False,False,False,False
residual_equal,0.2,G47,"Perakende ticaret (motorlu kara taşıtları ve motosikletler hariç) Retail trade services, except of motor vehicles and motorcycles",0.9984935232171878,0.9999999999999574,0.0015064767828122383,,False,False,False,False,False,False
residual_equal,0.2,H49,Kara taşımacılığı ve boru hattı taşımacılığı hizmetleri Land transport services and transport services via pipelines,0.9975413144917188,1.0,0.002458685508281211,,False,False,False,False,False,False
residual_equal,0.2,H50,Su yolu taşımacılığı hizmetleri Water transport services,0.9987411658568371,0.999999999793498,0.001258834143162857,,False,False,False,False,False,False
residual_equal,0.2,H51,Hava yolu taşımacılığı hizmetleri Air transport services,0.9996011672720863,0.9999999999943358,0.0003988327279137449,,False,False,False,False,False,False
residual_equal,0.2,H52,"Depolama ve destek hizmetleri, taşımacılık için Warehousing and support services for transportation",0.9958326987909951,0.9999999999895754,0.004167301209004881,,False,False,False,False,False,False
residual_equal,0.2,H53,Posta ve kurye hizmetleri Postal and courier services,0.9978917918443296,0.9999999999991441,0.002108208155670366,,False,False,False,False,False,False
residual_equal,0.2,I,Konaklama ve yiyecek hizmetleri Accommodation and food services,0.999690340310403,1.0,0.0003096596895969528,,False,False,False,False,False,False
residual_equal,0.2,J58,Yayıncılık hizmetleri Publishing services,0.998191149702247,0.9999999999998408,0.0018088502977530174,,False,False,False,False,False,False
residual_equal,0.2,J59_J60,"Sinema filmi, video ve televizyon programı yapımcılık hizmetleri, ses kaydı ve müzik yayımlama; programcılık ve yayıncılık hizmetleri Motion picture, video and television programme production services, sound recording and music publishing; programming and broadcasting services",0.99860979426725,0.9999999999575961,0.0013902057327499495,,False,False,False,False,False,False
residual_equal,0.2,J61,Telekomünikasyon hizmetleri Telecommunications services,0.9983834738311222,1.0,0.0016165261688777521,,False,False,False,False,False,False
residual_equal,0.2,J62_J63,"Bilgisayar programlama, danışmanlık ve ilgili hizmetler; bilgi hizmetleri Computer programming, consultancy and related services; Information services",0.9979935727900466,1.0,0.0020064272099533653,,False,False,False,False,False,False
residual_equal,0.2,K64,"Finansal hizmetler (sigorta ve bireysel emeklilik hariç) Financial services, except insurance and pension funding",0.9900703611675176,1.0,0.009929638832482435,,False,False,False,False,False,False
residual_equal,0.2,K65,"Sigorta, reasürans ve emeklilik fonları hizmetleri, zorunlu sosyal güvenlik hariç Insurance, reinsurance and pension funding services, except compulsory social security",0.992749500007084,0.9999999999999835,0.0072504999929160485,,False,False,False,False,False,False
residual_equal,0.2,K66,Finansal hizmetler ile sigorta hizmetlerine yardımcı hizmetler Services auxiliary to financial services and insurance services,0.9976090139300197,0.999999999999696,0.0023909860699803387,,False,False,False,False,False,False
residual_equal,0.2,L68B,Gayrimenkul hizmetleri Real estate services excluding imputed rents,0.9981974576970873,0.9999999999999656,0.0018025423029126575,,False,False,False,False,False,False
residual_equal,0.2,L68A,Kendi konutunda ikamet edenler için izafi kira Imputed rents of owner-occupied dwellings,1.0,1.0,0.0,,False,False,False,False,False,False
residual_equal,0.2,M69_M70,Hukuk ve muhasebe hizmetleri; idare merkezi hizmetleri; idari danışmanlık hizmetleri Legal and accounting services;Services of head offices; management consulting services,0.9931087458669747,1.0,0.006891254133025271,,False,False,False,False,False,False
residual_equal,0.2,M71,Mimarlık ve mühendislik hizmetleri; teknik test ve analiz hizmetleri Architectural and engineering services; technical testing and analysis services,0.9867072404462603,0.999999999999998,0.013292759553739653,,False,False,False,False,False,False
residual_equal,0.2,M72,Bilimsel araştırma ve geliştirme hizmetleri Scientific research and development services,0.9999725579427139,0.9999999999999997,2.7442057286108934e-05,,False,False,False,False,False,False
residual_equal,0.2,M73,Reklamcılık ve pazar araştırması hizmetleri Advertising and market research services,0.9967049334226393,0.9999999999948628,0.0032950665773606724,,False,False,False,False,False,False
residual_equal,0.2,M74_M75,"Diğer mesleki, bilimsel ve teknik hizmetler; veterinerlik hizmetleri Other professional, scientific and technical services and veterinary services",0.9954445272630582,0.9999999999998077,0.00455547273694179,,False,False,False,False,False,False
residual_equal,0.2,N77,Kiralama ve leasing hizmetleri Rental and leasing services,0.9912124763289577,0.999999999999988,0.008787523671042297,,False,False,False,False,False,False
residual_equal,0.2,N78,İstihdam hizmetleri Employment services,0.9962488278084987,0.999999999998288,0.0037511721915013396,,False,False,False,False,False,False
residual_equal,0.2,N79,"Seyahat acentesi, tur operatörü, diğer rezervasyon hizmetleri ve ilgili hizmetler Travel agency, tour operator and other reservation services and related services",0.9991641539989048,0.9999999999987338,0.0008358460010952085,,False,False,False,False,False,False
residual_equal,0.2,N80-N82,"Güvenlik ve soruşturma hizmetleri; bina ve çevre düzenleme (peyzaj) hizmetleri; büro yönetimi, büro destek ve diğer iş destek hizmetleri Security and investigation services; services to buildings and landscape; office administrative, office support and other business support services",0.991286016830669,0.9999999999999893,0.00871398316933103,,False,False,False,False,False,False
residual_equal,0.2,O84,Kamu yönetimi ve savunma hizmetleri; zorunlu sosyal güvenlik hizmetleri Public administration and defence services; compulsory social security services,0.9977316676932843,0.9999999999999991,0.002268332306715748,,False,False,False,False,False,False
residual_equal,0.2,P85,Eğitim hizmetleri Education services,0.9998894730493595,1.0,0.00011052695064051044,,False,False,False,False,False,False
residual_equal,0.2,Q86,İnsan sağlığı hizmetleri Human health services,0.9999398030221069,0.999999999999999,6.019697789305667e-05,,False,False,False,False,False,False
residual_equal,0.2,Q87_Q88,Yatılı bakım hizmetleri; barınacak yer sağlanmaksızın verilen sosyal hizmetler Residential care services; social work services without accommodation,0.9998067535599974,1.0,0.0001932464400026257,,False,False,False,False,False,False
residual_equal,0.2,R90-R92,"Yaratıcı sanatlar, gösteri sanatları ve eğlence hizmetleri; kütüphane, arşiv, müze ve diğer kültürel hizmetler; kumar ve müşterek bahis hizmetleri Creative, arts, entertainment, library, archive, museum, other cultural services; gambling and betting services",0.9998966330126121,1.0,0.0001033669873878873,,False,False,False,False,False,False
residual_equal,0.2,R93,Spor hizmetleri ile eğlence ve dinlence hizmetleri Sporting services and amusement and recreation services,0.9994646209192486,1.0,0.000535379080751408,,False,False,False,False,False,False
residual_equal,0.2,S94,Üye olunan kuruluşlar tarafından verilen hizmetler Services furnished by membership organisations,0.9996457843287192,0.9999999999999999,0.0003542156712807998,,False,False,False,False,False,False
residual_equal,0.2,S95,"Bilgisayarların, kişisel eşyaların ve ev eşyalarının onarımına ilişkin hizmetler Repair services of computers and personal and household goods",0.9993606420864243,0.9999999999988702,0.0006393579135757221,,False,False,False,False,False,False
residual_equal,0.2,S96,Diğer kişisel hizmetler Other personal services,0.9996031290766612,0.9999999999999999,0.00039687092333884344,,False,False,False,False,False,False
residual_equal,0.2,T,Ev içi çalışan personelin işverenleri olarak hanehalklarının hizmetleri Services of households as employers; undifferentiated goods and services produced by households for own use,1.0,1.0,0.0,,False,False,False,False,False,False
residual_monetary,0.2,A01,"Tarım ve avcılık ürünleri ve ilgili hizmetler Products of agriculture, hunting and related services",0.999529810013126,0.9999999999985126,0.00047018998687398117,,False,False,False,False,False,False
residual_monetary,0.2,A02,"Orman ürünleri ve ilgili hizmetler Products of forestry, logging and related services",0.9989745975821014,0.999999999912276,0.0010254024178986132,,False,False,False,False,False,False
residual_monetary,0.2,A03,Balık ve diğer balıkçılık ürünleri; su ürünleri; balıkçılık için destekleyici hizmetler Fish and other fishing products; aquaculture products; support services to fishing,0.9999900167977264,0.9999999999516532,9.983202273633474e-06,,False,False,False,False,False,False
residual_monetary,0.2,B,Madencilik ve taşocakçılığı Mining and quarrying,0.9757477162562866,0.9999999999999738,0.024252283743713354,,False,False,False,False,False,False
residual_monetary,0.2,C10-C12,"Gıda, içecekler ve tütün ürünleri Food, beverages and tobacco products",0.9996236916943844,0.9999999999999974,0.0003763083056156358,,False,False,False,False,False,False
residual_monetary,0.2,C13-C15,"Tekstil, giyim eşyası, deri ve ilgili ürünler Textiles, wearing apparel, leather and related products",0.9995994834426452,1.0,0.00040051655735484637,,False,False,False,False,False,False
residual_monetary,0.2,C16,"Kereste, ağaç ürünleri ve mantar ürünleri (mobilya hariç); hasır ve örme malzemesinden (saz, saman vb.) ürünler Wood and of products of wood and cork, except furniture; articles of straw and plaiting materials",0.9980130714482539,1.0,0.001986928551746092,,False,False,False,False,False,False
residual_monetary,0.2,C17,Kağıt ve kağıt ürünleri Paper and paper products,0.9988654615370589,0.9999999999999495,0.0011345384629410926,,False,False,False,False,False,False
residual_monetary,0.2,C18,Basım ve kayıt hizmetleri Printing and recording services,0.9977650638559936,1.0,0.002234936144006383,,False,False,False,False,False,False
residual_monetary,0.2,C19,Kok ve rafine petrol ürünleri Coke and refined petroleum products,0.9972736964675426,0.9999999999985791,0.002726303532457397,,False,False,False,False,False,False
residual_monetary,0.2,C20,Kimyasallar ve kimyasal ürünler Chemicals and chemical products,0.9989815572378483,1.0,0.0010184427621516834,,False,False,False,False,False,False
residual_monetary,0.2,C21,Temel eczacılık ürünleri ve müstahzarları Basic pharmaceutical products and pharmaceutical preparations,0.999706085268248,0.9999999999999972,0.00029391473175199856,,False,False,False,False,False,False
residual_monetary,0.2,C22,Kauçuk ve plastik ürünler Rubber and plastic products,0.9986964767864613,0.9999999999998421,0.0013035232135386599,,False,False,False,False,False,False
residual_monetary,0.2,C23,Diğer metalik olmayan mineral ürünleri Other non-metallic mineral products,0.9979331153027807,0.9999999999999973,0.0020668846972192734,,False,False,False,False,False,False
residual_monetary,0.2,C24,Ana metaller Basic metals,0.9982704750654945,0.9999999999892932,0.0017295249345055108,,False,False,False,False,False,False
residual_monetary,0.2,C25,"Fabrikasyon metal ürünler, makine ve ekipmanlar hariç Fabricated metal products, except machinery and equipment",0.998091450714665,0.9999999994000989,0.001908549285335015,,False,False,False,False,False,False
residual_monetary,0.2,C26,"Bilgisayarlar ile elektronik ve optik ürünler Computer, electronic and optical products",0.9911949093375705,1.0,0.008805090662429516,,False,False,False,False,False,False
residual_monetary,0.2,C27,Elektrikli teçhizat Electrical equipment,0.9965359292419201,0.999999999877343,0.0034640707580798624,,False,False,False,False,False,False
residual_monetary,0.2,C28,Başka yerde sınıflandırılmamış makine ve ekipmanlar Machinery and equipment n.e.c.,0.9988810123658148,0.9999999999959551,0.0011189876341851646,,False,False,False,False,False,False
residual_monetary,0.2,C29,"Motorlu kara taşıtları, treyler (römork) ve yarı treyler (yarı römork) Motor vehicles, trailers and semi-trailers",0.9997096914956166,0.9999999991420039,0.0002903085043833853,,False,False,False,False,False,False
residual_monetary,0.2,C30,Diğer ulaşım araçları Other transport equipment,0.999642687767425,0.9999999999989628,0.0003573122325749578,,False,False,False,False,False,False
residual_monetary,0.2,C31_C32,Mobilya ve diğer mamul eşyalar Furniture and other manufactured goods,0.9994892130546517,0.999999999999241,0.0005107869453483405,,False,False,False,False,False,False
residual_monetary,0.2,C33,Makine ve ekipmanların kurulumu ve onarımı Repair and installation services of machinery and equipment,0.9961859598532172,1.0,0.003814040146782771,,False,False,False,False,False,False
residual_monetary,0.2,D35,"Elektrik, gaz, buhar ve iklimlendirme Electricity, gas, steam and air conditioning",0.8,0.11286104430089927,0.19999999999999996,,True,True,True,True,True,True
residual_monetary,0.2,E36,Doğal su; suyun arıtılması ve temini hizmetleri Natural water; water treatment and supply services,0.9998279766005784,0.9999999999649597,0.00017202339942157252,,False,False,False,False,False,False
residual_monetary,0.2,E37-E39,"Kanalizasyon hizmetleri, kanalizasyon çamuru; atığın toplanması, işlenmesi ve bertarafı; maddelerin geri kazanımı; iyileştirme hizmetleri ve diğer atık yönetimi hizmetleri Sewerage services; sewage sludge; waste collection, treatment and disposal services; materials recovery services; remediation services and other wa...",0.9976134492402084,1.0,0.0023865507597915503,,False,False,False,False,False,False
residual_monetary,0.2,F,İnşaatlar ve inşaat işleri Constructions and construction works,0.9998687294302064,0.9999999999998302,0.00013127056979356233,,False,False,False,False,False,False
residual_monetary,0.2,G45,Toptan ve perakende ticaret ile motorlu kara taşıtlarının ve motosikletlerin onarım hizmetleri Wholesale and retail trade and repair services of motor vehicles and motorcycles,0.9984137539485446,0.9999999999993399,0.0015862460514554089,,False,False,False,False,False,False
residual_monetary,0.2,G46,"Toptan ticaret, motorlu kara taşıtları ve motosikletler hariç Wholesale trade services, except of motor vehicles and motorcycles",0.9981101325189471,0.9999999999998264,0.0018898674810529092,,False,False,False,False,False,False
residual_monetary,0.2,G47,"Perakende ticaret (motorlu kara taşıtları ve motosikletler hariç) Retail trade services, except of motor vehicles and motorcycles",0.9984935232177105,1.0,0.0015064767822895453,,False,False,False,False,False,False
residual_monetary,0.2,H49,Kara taşımacılığı ve boru hattı taşımacılığı hizmetleri Land transport services and transport services via pipelines,0.9975413144916295,0.9999999999998455,0.002458685508370473,,False,False,False,False,False,False
residual_monetary,0.2,H50,Su yolu taşımacılığı hizmetleri Water transport services,0.9987411658568678,0.9999999997935489,0.0012588341431322148,,False,False,False,False,False,False
residual_monetary,0.2,H51,Hava yolu taşımacılığı hizmetleri Air transport services,0.9996011672720851,0.9999999999943283,0.00039883272791485513,,False,False,False,False,False,False
residual_monetary,0.2,H52,"Depolama ve destek hizmetleri, taşımacılık için Warehousing and support services for transportation",0.995832698790957,0.9999999999894054,0.004167301209042962,,False,False,False,False,False,False
residual_monetary,0.2,H53,Posta ve kurye hizmetleri Postal and courier services,0.9978917918446101,0.9999999999996421,0.0021082081553899235,,False,False,False,False,False,False
residual_monetary,0.2,I,Konaklama ve yiyecek hizmetleri Accommodation and food services,0.9996903403103973,0.9999999999999987,0.00030965968960272594,,False,False,False,False,False,False
residual_monetary,0.2,J58,Yayıncılık hizmetleri Publishing services,0.9981911497023687,1.0,0.001808850297631337,,False,False,False,False,False,False
residual_monetary,0.2,J59_J60,"Sinema filmi, video ve televizyon programı yapımcılık hizmetleri, ses kaydı ve müzik yayımlama; programcılık ve yayıncılık hizmetleri Motion picture, video and television programme production services, sound recording and music publishing; programming and broadcasting services",0.9986097942673536,0.999999999957714,0.0013902057326463657,,False,False,False,False,False,False
residual_monetary,0.2,J61,Telekomünikasyon hizmetleri Telecommunications services,0.998383473831093,1.0,0.001616526168906951,,False,False,False,False,False,False
residual_monetary,0.2,J62_J63,"Bilgisayar programlama, danışmanlık ve ilgili hizmetler; bilgi hizmetleri Computer programming, consultancy and related services; Information services",0.9979935727896415,1.0,0.0020064272103584857,,False,False,False,False,False,False
residual_monetary,0.2,K64,"Finansal hizmetler (sigorta ve bireysel emeklilik hariç) Financial services, except insurance and pension funding",0.9900703611676123,1.0,0.009929638832387733,,False,False,False,False,False,False
residual_monetary,0.2,K65,"Sigorta, reasürans ve emeklilik fonları hizmetleri, zorunlu sosyal güvenlik hariç Insurance, reinsurance and pension funding services, except compulsory social security",0.9927495000070805,0.9999999999999897,0.00725049999291949,,False,False,False,False,False,False
residual_monetary,0.2,K66,Finansal hizmetler ile sigorta hizmetlerine yardımcı hizmetler Services auxiliary to financial services and insurance services,0.9976090139300168,0.999999999999698,0.0023909860699832253,,False,False,False,False,False,False
residual_monetary,0.2,L68B,Gayrimenkul hizmetleri Real estate services excluding imputed rents,0.998197457697043,0.9999999999997404,0.0018025423029569554,,False,False,False,False,False,False
residual_monetary,0.2,L68A,Kendi konutunda ikamet edenler için izafi kira Imputed rents of owner-occupied dwellings,1.0,1.0,0.0,,False,False,False,False,False,False
residual_monetary,0.2,M69_M70,Hukuk ve muhasebe hizmetleri; idare merkezi hizmetleri; idari danışmanlık hizmetleri Legal and accounting services;Services of head offices; management consulting services,0.9931087458670617,1.0,0.00689125413293834,,False,False,False,False,False,False
residual_monetary,0.2,M71,Mimarlık ve mühendislik hizmetleri; teknik test ve analiz hizmetleri Architectural and engineering services; technical testing and analysis services,0.9867072404462179,0.9999999999997797,0.013292759553782063,,False,False,False,False,False,False
residual_monetary,0.2,M72,Bilimsel araştırma ve geliştirme hizmetleri Scientific research and development services,0.9999725579436035,1.0,2.7442056396487224e-05,,False,False,False,False,False,False
residual_monetary,0.2,M73,Reklamcılık ve pazar araştırması hizmetleri Advertising and market research services,0.996704933422782,0.9999999999978648,0.0032950665772180088,,False,False,False,False,False,False
residual_monetary,0.2,M74_M75,"Diğer mesleki, bilimsel ve teknik hizmetler; veterinerlik hizmetleri Other professional, scientific and technical services and veterinary services",0.9954445272631134,0.9999999999999756,0.004555472736886612,,False,False,False,False,False,False
residual_monetary,0.2,N77,Kiralama ve leasing hizmetleri Rental and leasing services,0.9912124763290199,1.0,0.008787523670980124,,False,False,False,False,False,False
residual_monetary,0.2,N78,İstihdam hizmetleri Employment services,0.9962488278080492,0.9999999999976562,0.003751172191950758,,False,False,False,False,False,False
residual_monetary,0.2,N79,"Seyahat acentesi, tur operatörü, diğer rezervasyon hizmetleri ve ilgili hizmetler Travel agency, tour operator and other reservation services and related services",0.9991641539989096,0.999999999998735,0.0008358460010904345,,False,False,False,False,False,False
residual_monetary,0.2,N80-N82,"Güvenlik ve soruşturma hizmetleri; bina ve çevre düzenleme (peyzaj) hizmetleri; büro yönetimi, büro destek ve diğer iş destek hizmetleri Security and investigation services; services to buildings and landscape; office administrative, office support and other business support services",0.9912860168305797,0.9999999999972484,0.008713983169420292,,False,False,False,False,False,False
residual_monetary,0.2,O84,Kamu yönetimi ve savunma hizmetleri; zorunlu sosyal güvenlik hizmetleri Public administration and defence services; compulsory social security services,0.9977316676933063,1.0,0.0022683323066936545,,False,False,False,False,False,False
residual_monetary,0.2,P85,Eğitim hizmetleri Education services,0.99988947304936,0.9999999999999994,0.00011052695063995532,,False,False,False,False,False,False
residual_monetary,0.2,Q86,İnsan sağlığı hizmetleri Human health services,0.9999398030221069,0.9999999999999987,6.019697789305667e-05,,False,False,False,False,False,False
residual_monetary,0.2,Q87_Q88,Yatılı bakım hizmetleri; barınacak yer sağlanmaksızın verilen sosyal hizmetler Residential care services; social work services without accommodation,0.9998067535599984,1.0,0.0001932464400016265,,False,False,False,False,False,False
residual_monetary,0.2,R90-R92,"Yaratıcı sanatlar, gösteri sanatları ve eğlence hizmetleri; kütüphane, arşiv, müze ve diğer kültürel hizmetler; kumar ve müşterek bahis hizmetleri Creative, arts, entertainment, library, archive, museum, other cultural services; gambling and betting services",0.9998966330126147,1.0,0.00010336698738533379,,False,False,False,False,False,False
residual_monetary,0.2,R93,Spor hizmetleri ile eğlence ve dinlence hizmetleri Sporting services and amusement and recreation services,0.9994646209192514,0.999999999999999,0.0005353790807486325,,False,False,False,False,False,False
residual_monetary,0.2,S94,Üye olunan kuruluşlar tarafından verilen hizmetler Services furnished by membership organisations,0.9996457843287162,0.9999999999999996,0.0003542156712837974,,False,False,False,False,False,False
residual_monetary,0.2,S95,"Bilgisayarların, kişisel eşyaların ve ev eşyalarının onarımına ilişkin hizmetler Repair services of computers and personal and household goods",0.9993606420856781,0.9999999999978938,0.000639357914321903,,False,False,False,False,False,False
residual_monetary,0.2,S96,Diğer kişisel hizmetler Other personal services,0.9996031290766577,0.9999999999999953,0.00039687092334228513,,False,False,False,False,False,False
residual_monetary,0.2,T,Ev içi çalışan personelin işverenleri olarak hanehalklarının hizmetleri Services of households as employers; undifferentiated goods and services produced by households for own use,1.0,1.0,0.0,,False,False,False,False,False,False
household_equal_additive,0.2,A01,"Tarım ve avcılık ürünleri ve ilgili hizmetler Products of agriculture, hunting and related services",0.9753712338660908,0.9999999999986287,0.024628766133909186,,False,False,False,False,False,False
household_equal_additive,0.2,A02,"Orman ürünleri ve ilgili hizmetler Products of forestry, logging and related services",0.8860066487122822,0.9999999999126427,0.11399335128771781,,False,False,False,False,False,False
household_equal_additive,0.2,A03,Balık ve diğer balıkçılık ürünleri; su ürünleri; balıkçılık için destekleyici hizmetler Fish and other fishing products; aquaculture products; support services to fishing,0.9995939512824221,0.9999999999538493,0.0004060487175778782,,False,False,False,False,False,False
household_equal_additive,0.2,B,Madencilik ve taşocakçılığı Mining and quarrying,0.7542066838883514,0.9999999999999993,0.24579331611164856,,False,False,False,False,False,False
household_equal_additive,0.2,C10-C12,"Gıda, içecekler ve tütün ürünleri Food, beverages and tobacco products",0.9792086027016913,0.9999999999999941,0.0207913972983087,,False,False,False,False,False,False
household_equal_additive,0.2,C13-C15,"Tekstil, giyim eşyası, deri ve ilgili ürünler Textiles, wearing apparel, leather and related products",0.9835918734220938,1.0,0.016408126577906246,,False,False,False,False,False,False
household_equal_additive,0.2,C16,"Kereste, ağaç ürünleri ve mantar ürünleri (mobilya hariç); hasır ve örme malzemesinden (saz, saman vb.) ürünler Wood and of products of wood and cork, except furniture; articles of straw and plaiting materials",0.6849314679590983,0.9999999999999711,0.3150685320409017,,False,False,False,False,False,False
household_equal_additive,0.2,C17,Kağıt ve kağıt ürünleri Paper and paper products,0.94891713381912,1.0,0.05108286618087998,,False,False,False,False,False,False
household_equal_additive,0.2,C18,Basım ve kayıt hizmetleri Printing and recording services,0.9195824868530976,0.9999999999999609,0.08041751314690238,,False,False,False,False,False,False
household_equal_additive,0.2,C19,Kok ve rafine petrol ürünleri Coke and refined petroleum products,0.9076819281748606,0.9999999999986431,0.0923180718251394,,False,False,False,False,False,False
household_equal_additive,0.2,C20,Kimyasallar ve kimyasal ürünler Chemicals and chemical products,0.9465551789751788,1.0,0.053444821024821176,,False,False,False,False,False,False
household_equal_additive,0.2,C21,Temel eczacılık ürünleri ve müstahzarları Basic pharmaceutical products and pharmaceutical preparations,0.9857515476776708,1.0,0.014248452322329186,,False,False,False,False,False,False
household_equal_additive,0.2,C22,Kauçuk ve plastik ürünler Rubber and plastic products,0.8576232131618208,0.9999999999999998,0.14237678683817923,,False,False,False,False,False,False
household_equal_additive,0.2,C23,Diğer metalik olmayan mineral ürünleri Other non-metallic mineral products,0.5354180307694163,0.999999999999999,0.4645819692305837,,False,False,False,False,False,False
household_equal_additive,0.2,C24,Ana metaller Basic metals,0.8180556433781314,0.9999999999898943,0.18194435662186859,,False,False,False,False,False,False
household_equal_additive,0.2,C25,"Fabrikasyon metal ürünler, makine ve ekipmanlar hariç Fabricated metal products, except machinery and equipment",0.8166693019446093,0.9999999994154919,0.1833306980553907,,False,False,False,False,False,False
household_equal_additive,0.2,C26,"Bilgisayarlar ile elektronik ve optik ürünler Computer, electronic and optical products",0.8832146648190847,0.9999999999999508,0.11678533518091527,,False,False,False,False,False,False
household_equal_additive,0.2,C27,Elektrikli teçhizat Electrical equipment,0.9106397555782361,0.9999999998777197,0.08936024442176393,,False,False,False,False,False,False
household_equal_additive,0.2,C28,Başka yerde sınıflandırılmamış makine ve ekipmanlar Machinery and equipment n.e.c.,0.9543228480240546,0.9999999999972458,0.04567715197594535,,False,False,False,False,False,False
household_equal_additive,0.2,C29,"Motorlu kara taşıtları, treyler (römork) ve yarı treyler (yarı römork) Motor vehicles, trailers and semi-trailers",0.9855888256007616,0.9999999991791936,0.014411174399238447,,False,False,False,False,False,False
household_equal_additive,0.2,C30,Diğer ulaşım araçları Other transport equipment,0.9853767872208192,0.9999999999990146,0.014623212779180772,,False,False,False,False,False,False
household_equal_additive,0.2,C31_C32,Mobilya ve diğer mamul eşyalar Furniture and other manufactured goods,0.9701735923581998,0.9999999999999823,0.029826407641800223,,False,False,False,False,False,False
household_equal_additive,0.2,C33,Makine ve ekipmanların kurulumu ve onarımı Repair and installation services of machinery and equipment,0.9332148209186332,1.0,0.06678517908136683,,False,False,False,False,False,False
household_equal_additive,0.2,D35,"Elektrik, gaz, buhar ve iklimlendirme Electricity, gas, steam and air conditioning",0.8,0.9848037844805426,0.19999999999999996,,True,True,True,False,False,True
household_equal_additive,0.2,E36,Doğal su; suyun arıtılması ve temini hizmetleri Natural water; water treatment and supply services,0.9956961319233048,0.9999999999668235,0.00430386807669525,,False,False,False,False,False,False
household_equal_additive,0.2,E37-E39,"Kanalizasyon hizmetleri, kanalizasyon çamuru; atığın toplanması, işlenmesi ve bertarafı; maddelerin geri kazanımı; iyileştirme hizmetleri ve diğer atık yönetimi hizmetleri Sewerage services; sewage sludge; waste collection, treatment and disposal services; materials recovery services; remediation services and other wa...",0.8581365726310972,0.9999999999999887,0.14186342736890278,,False,False,False,False,False,False
household_equal_additive,0.2,F,İnşaatlar ve inşaat işleri Constructions and construction works,0.03929187139231026,0.0,0.9607081286076897,,True,True,True,True,True,False
household_equal_additive,0.2,G45,Toptan ve perakende ticaret ile motorlu kara taşıtlarının ve motosikletlerin onarım hizmetleri Wholesale and retail trade and repair services of motor vehicles and motorcycles,0.928746682944882,0.9999999999999479,0.07125331705511795,,False,False,False,False,False,False
household_equal_additive,0.2,G46,"Toptan ticaret, motorlu kara taşıtları ve motosikletler hariç Wholesale trade services, except of motor vehicles and motorcycles",0.9324782635047694,0.9999999999999998,0.06752173649523063,,False,False,False,False,False,False
household_equal_additive,0.2,G47,"Perakende ticaret (motorlu kara taşıtları ve motosikletler hariç) Retail trade services, except of motor vehicles and motorcycles",0.9328338852360881,0.9999999999999647,0.06716611476391188,,False,False,False,False,False,False
household_equal_additive,0.2,H49,Kara taşımacılığı ve boru hattı taşımacılığı hizmetleri Land transport services and transport services via pipelines,0.920620801884954,1.0,0.07937919811504601,,False,False,False,False,False,False
household_equal_additive,0.2,H50,Su yolu taşımacılığı hizmetleri Water transport services,0.9763609890231147,0.9999999998221782,0.023639010976885255,,False,False,False,False,False,False
household_equal_additive,0.2,H51,Hava yolu taşımacılığı hizmetleri Air transport services,0.9899058184528235,0.9999999999951399,0.01009418154717645,,False,False,False,False,False,False
household_equal_additive,0.2,H52,"Depolama ve destek hizmetleri, taşımacılık için Warehousing and support services for transportation",0.9281371358296175,0.9999999999900173,0.07186286417038246,,False,False,False,False,False,False
household_equal_additive,0.2,H53,Posta ve kurye hizmetleri Postal and courier services,0.954741234536079,0.99999999999967,0.04525876546392105,,False,False,False,False,False,False
household_equal_additive,0.2,I,Konaklama ve yiyecek hizmetleri Accommodation and food services,0.9850874901456715,1.0,0.01491250985432846,,False,False,False,False,False,False
household_equal_additive,0.2,J58,Yayıncılık hizmetleri Publishing services,0.9528441303437966,1.0,0.04715586965620344,,False,False,False,False,False,False
household_equal_additive,0.2,J59_J60,"Sinema filmi, video ve televizyon programı yapımcılık hizmetleri, ses kaydı ve müzik yayımlama; programcılık ve yayıncılık hizmetleri Motion picture, video and television programme production services, sound recording and music publishing; programming and broadcasting services",0.9586220793469324,0.9999999999586211,0.04137792065306756,,False,False,False,False,False,False
household_equal_additive,0.2,J61,Telekomünikasyon hizmetleri Telecommunications services,0.949400944889574,0.9999999999997742,0.05059905511042595,,False,False,False,False,False,False
household_equal_additive,0.2,J62_J63,"Bilgisayar programlama, danışmanlık ve ilgili hizmetler; bilgi hizmetleri Computer programming, consultancy and related services; Information services",0.9557071933065577,0.9999999999995339,0.044292806693442266,,False,False,False,False,False,False
household_equal_additive,0.2,K64,"Finansal hizmetler (sigorta ve bireysel emeklilik hariç) Financial services, except insurance and pension funding",0.9009614163218844,1.0,0.09903858367811558,,False,False,False,False,False,False
household_equal_additive,0.2,K65,"Sigorta, reasürans ve emeklilik fonları hizmetleri, zorunlu sosyal güvenlik hariç Insurance, reinsurance and pension funding services, except compulsory social security",0.9274057538728945,0.999999999999373,0.07259424612710552,,False,False,False,False,False,False
household_equal_additive,0.2,K66,Finansal hizmetler ile sigorta hizmetlerine yardımcı hizmetler Services auxiliary to financial services and insurance services,0.9611994891069615,0.9999999999994708,0.03880051089303849,,False,False,False,False,False,False
household_equal_additive,0.2,L68B,Gayrimenkul hizmetleri Real estate services excluding imputed rents,0.5868306465649131,0.2306348817827547,0.4131693534350869,,True,True,True,True,True,True
household_equal_additive,0.2,L68A,Kendi konutunda ikamet edenler için izafi kira Imputed rents of owner-occupied dwellings,1.0,1.0,0.0,,False,False,False,False,False,False
household_equal_additive,0.2,M69_M70,Hukuk ve muhasebe hizmetleri; idare merkezi hizmetleri; idari danışmanlık hizmetleri Legal and accounting services;Services of head offices; management consulting services,0.8773835745863314,0.9999999999989244,0.12261642541366857,,False,False,False,False,False,False
household_equal_additive,0.2,M71,Mimarlık ve mühendislik hizmetleri; teknik test ve analiz hizmetleri Architectural and engineering services; technical testing and analysis services,0.7410011257679879,0.9999999999986355,0.25899887423201207,,False,False,False,False,False,False
household_equal_additive,0.2,M72,Bilimsel araştırma ve geliştirme hizmetleri Scientific research and development services,0.9986983886131826,0.9999999999999996,0.0013016113868173917,,False,False,False,False,False,False
household_equal_additive,0.2,M73,Reklamcılık ve pazar araştırması hizmetleri Advertising and market research services,0.9060100551295309,0.9999999999999591,0.09398994487046908,,False,False,False,False,False,False
household_equal_additive,0.2,M74_M75,"Diğer mesleki, bilimsel ve teknik hizmetler; veterinerlik hizmetleri Other professional, scientific and technical services and veterinary services",0.8628445270290962,0.9999999999999023,0.1371554729709038,,False,False,False,False,False,False
household_equal_additive,0.2,N77,Kiralama ve leasing hizmetleri Rental and leasing services,0.850437241081163,1.0,0.14956275891883697,,False,False,False,False,False,False
household_equal_additive,0.2,N78,İstihdam hizmetleri Employment services,0.943039400283811,0.9999999999984225,0.05696059971618905,,False,False,False,False,False,False
household_equal_additive,0.2,N79,"Seyahat acentesi, tur operatörü, diğer rezervasyon hizmetleri ve ilgili hizmetler Travel agency, tour operator and other reservation services and related services",0.9555979105140608,0.9999999999988176,0.044402089485939156,,False,False,False,False,False,False
household_equal_additive,0.2,N80-N82,"Güvenlik ve soruşturma hizmetleri; bina ve çevre düzenleme (peyzaj) hizmetleri; büro yönetimi, büro destek ve diğer iş destek hizmetleri Security and investigation services; services to buildings and landscape; office administrative, office support and other business support services",0.8485234491001502,1.0,0.1514765508998498,,False,False,False,False,False,False
household_equal_additive,0.2,O84,Kamu yönetimi ve savunma hizmetleri; zorunlu sosyal güvenlik hizmetleri Public administration and defence services; compulsory social security services,0.9572196011781425,0.9999999999999994,0.04278039882185747,,False,False,False,False,False,False
household_equal_additive,0.2,P85,Eğitim hizmetleri Education services,0.9971985857593384,1.0,0.002801414240661604,,False,False,False,False,False,False
household_equal_additive,0.2,Q86,İnsan sağlığı hizmetleri Human health services,0.9972065519658123,0.9999999999999978,0.0027934480341876844,,False,False,False,False,False,False
household_equal_additive,0.2,Q87_Q88,Yatılı bakım hizmetleri; barınacak yer sağlanmaksızın verilen sosyal hizmetler Residential care services; social work services without accommodation,0.9910224190873592,1.0,0.008977580912640781,,False,False,False,False,False,False
household_equal_additive,0.2,R90-R92,"Yaratıcı sanatlar, gösteri sanatları ve eğlence hizmetleri; kütüphane, arşiv, müze ve diğer kültürel hizmetler; kumar ve müşterek bahis hizmetleri Creative, arts, entertainment, library, archive, museum, other cultural services; gambling and betting services",0.9956492475257568,1.0,0.0043507524742432135,,False,False,False,False,False,False
household_equal_additive,0.2,R93,Spor hizmetleri ile eğlence ve dinlence hizmetleri Sporting services and amusement and recreation services,0.9761832744663413,1.0,0.023816725533658656,,False,False,False,False,False,False
household_equal_additive,0.2,S94,Üye olunan kuruluşlar tarafından verilen hizmetler Services furnished by membership organisations,0.9936643908600582,0.9999999999999999,0.0063356091399418,,False,False,False,False,False,False
household_equal_additive,0.2,S95,"Bilgisayarların, kişisel eşyaların ve ev eşyalarının onarımına ilişkin hizmetler Repair services of computers and personal and household goods",0.9589356813025107,0.999999999996724,0.04106431869748928,,False,False,False,False,False,False
household_equal_additive,0.2,S96,Diğer kişisel hizmetler Other personal services,0.9787105249791255,0.9999999999999998,0.021289475020874526,,False,False,False,False,False,False
household_equal_additive,0.2,T,Ev içi çalışan personelin işverenleri olarak hanehalklarının hizmetleri Services of households as employers; undifferentiated goods and services produced by households for own use,1.0,1.0,0.0,,False,False,False,False,False,False
household_monetary_additive,0.2,A01,"Tarım ve avcılık ürünleri ve ilgili hizmetler Products of agriculture, hunting and related services",0.9682656934117926,0.9999999999987138,0.03173430658820742,,False,False,False,False,False,False
household_monetary_additive,0.2,A02,"Orman ürünleri ve ilgili hizmetler Products of forestry, logging and related services",0.9460467788514059,0.9999999999936753,0.05395322114859413,,False,False,False,False,False,False
household_monetary_additive,0.2,A03,Balık ve diğer balıkçılık ürünleri; su ürünleri; balıkçılık için destekleyici hizmetler Fish and other fishing products; aquaculture products; support services to fishing,0.9997916524244229,0.9999999999531802,0.0002083475755770836,,False,False,False,False,False,False
household_monetary_additive,0.2,B,Madencilik ve taşocakçılığı Mining and quarrying,0.6076610602459634,0.0,0.39233893975403655,,True,True,True,True,True,False
household_monetary_additive,0.2,C10-C12,"Gıda, içecekler ve tütün ürünleri Food, beverages and tobacco products",0.9908429537942252,0.9999999999999633,0.009157046205774844,,False,False,False,False,False,False
household_monetary_additive,0.2,C13-C15,"Tekstil, giyim eşyası, deri ve ilgili ürünler Textiles, wearing apparel, leather and related products",0.08486883035447215,0.0,0.9151311696455279,,True,True,True,True,True,False
household_monetary_additive,0.2,C16,"Kereste, ağaç ürünleri ve mantar ürünleri (mobilya hariç); hasır ve örme malzemesinden (saz, saman vb.) ürünler Wood and of products of wood and cork, except furniture; articles of straw and plaiting materials",0.953696750081312,0.9999999999999925,0.04630324991868795,,False,False,False,False,False,False
household_monetary_additive,0.2,C17,Kağıt ve kağıt ürünleri Paper and paper products,0.9308966233722036,0.999999999999949,0.06910337662779642,,False,False,False,False,False,False
household_monetary_additive,0.2,C18,Basım ve kayıt hizmetleri Printing and recording services,0.8531543831395101,1.0,0.1468456168604899,,False,False,False,False,False,False
household_monetary_additive,0.2,C19,Kok ve rafine petrol ürünleri Coke and refined petroleum products,0.9641689967841856,0.9999999999986273,0.03583100321581445,,False,False,False,False,False,False
household_monetary_additive,0.2,C20,Kimyasallar ve kimyasal ürünler Chemicals and chemical products,0.8832686236553496,0.9999999999998905,0.11673137634465036,,False,False,False,False,False,False
household_monetary_additive,0.2,C21,Temel eczacılık ürünleri ve müstahzarları Basic pharmaceutical products and pharmaceutical preparations,0.9910712840828073,1.0,0.008928715917192687,,False,False,False,False,False,False
household_monetary_additive,0.2,C22,Kauçuk ve plastik ürünler Rubber and plastic products,0.5093455133114408,0.0,0.49065448668855915,,True,True,True,True,True,False
household_monetary_additive,0.2,C23,Diğer metalik olmayan mineral ürünleri Other non-metallic mineral products,0.7148873799612873,0.0,0.28511262003871274,,True,True,True,True,True,False
household_monetary_additive,0.2,C24,Ana metaller Basic metals,0.6941517128327247,0.34987130171061764,0.3058482871672753,,True,True,True,True,True,True
household_monetary_additive,0.2,C25,"Fabrikasyon metal ürünler, makine ve ekipmanlar hariç Fabricated metal products, except machinery and equipment",0.9678644496012743,0.9999999994089934,0.03213555039872573,,False,False,False,False,False,False
household_monetary_additive,0.2,C26,"Bilgisayarlar ile elektronik ve optik ürünler Computer, electronic and optical products",0.9359305114519088,1.0,0.06406948854809125,,False,False,False,False,False,False
household_monetary_additive,0.2,C27,Elektrikli teçhizat Electrical equipment,0.9787248268023282,0.9999999998775212,0.021275173197671804,,False,False,False,False,False,False
household_monetary_additive,0.2,C28,Başka yerde sınıflandırılmamış makine ve ekipmanlar Machinery and equipment n.e.c.,0.9813495613850343,0.9999999999972113,0.018650438614965736,,False,False,False,False,False,False
household_monetary_additive,0.2,C29,"Motorlu kara taşıtları, treyler (römork) ve yarı treyler (yarı römork) Motor vehicles, trailers and semi-trailers",0.9923521146641995,0.9999999991689628,0.0076478853358005194,,False,False,False,False,False,False
household_monetary_additive,0.2,C30,Diğer ulaşım araçları Other transport equipment,0.9938303294725959,0.999999999999096,0.006169670527404136,,False,False,False,False,False,False
household_monetary_additive,0.2,C31_C32,Mobilya ve diğer mamul eşyalar Furniture and other manufactured goods,0.987206854822609,1.0,0.012793145177391052,,False,False,False,False,False,False
household_monetary_additive,0.2,C33,Makine ve ekipmanların kurulumu ve onarımı Repair and installation services of machinery and equipment,0.972815239748074,0.9999999999999957,0.027184760251925955,,False,False,False,False,False,False
household_monetary_additive,0.2,D35,"Elektrik, gaz, buhar ve iklimlendirme Electricity, gas, steam and air conditioning",0.8,0.9848037844805984,0.19999999999999996,,True,True,True,False,False,True
household_monetary_additive,0.2,E36,Doğal su; suyun arıtılması ve temini hizmetleri Natural water; water treatment and supply services,0.07173732198601275,0.0,0.9282626780139872,,True,True,True,True,True,False
household_monetary_additive,0.2,E37-E39,"Kanalizasyon hizmetleri, kanalizasyon çamuru; atığın toplanması, işlenmesi ve bertarafı; maddelerin geri kazanımı; iyileştirme hizmetleri ve diğer atık yönetimi hizmetleri Sewerage services; sewage sludge; waste collection, treatment and disposal services; materials recovery services; remediation services and other wa...",0.812179483349765,0.9999999999998279,0.18782051665023503,,False,False,False,False,False,False
household_monetary_additive,0.2,F,İnşaatlar ve inşaat işleri Constructions and construction works,0.9967221718452532,0.99999999999983,0.0032778281547467536,,False,False,False,False,False,False
household_monetary_additive,0.2,G45,Toptan ve perakende ticaret ile motorlu kara taşıtlarının ve motosikletlerin onarım hizmetleri Wholesale and retail trade and repair services of motor vehicles and motorcycles,0.9542710867960846,0.9999999999981763,0.04572891320391537,,False,False,False,False,False,False
household_monetary_additive,0.2,G46,"Toptan ticaret, motorlu kara taşıtları ve motosikletler hariç Wholesale trade services, except of motor vehicles and motorcycles",0.9502541389239628,1.0,0.04974586107603718,,False,False,False,False,False,False
household_monetary_additive,0.2,G47,"Perakende ticaret (motorlu kara taşıtları ve motosikletler hariç) Retail trade services, except of motor vehicles and motorcycles",0.9501959327875319,0.9999999999999096,0.049804067212468106,,False,False,False,False,False,False
household_monetary_additive,0.2,H49,Kara taşımacılığı ve boru hattı taşımacılığı hizmetleri Land transport services and transport services via pipelines,0.9545717836242325,1.0,0.04542821637576755,,False,False,False,False,False,False
household_monetary_additive,0.2,H50,Su yolu taşımacılığı hizmetleri Water transport services,0.9819546366044185,0.9999999998034851,0.018045363395581493,,False,False,False,False,False,False
household_monetary_additive,0.2,H51,Hava yolu taşımacılığı hizmetleri Air transport services,0.9938177241556607,0.9999999999940359,0.00618227584433928,,False,False,False,False,False,False
household_monetary_additive,0.2,H52,"Depolama ve destek hizmetleri, taşımacılık için Warehousing and support services for transportation",0.9431335682971747,0.9999999999940883,0.05686643170282535,,False,False,False,False,False,False
household_monetary_additive,0.2,H53,Posta ve kurye hizmetleri Postal and courier services,0.9497877340638626,0.9999999999993358,0.05021226593613737,,False,False,False,False,False,False
household_monetary_additive,0.2,I,Konaklama ve yiyecek hizmetleri Accommodation and food services,0.9939021357125083,1.0,0.0060978642874917055,,False,False,False,False,False,False
household_monetary_additive,0.2,J58,Yayıncılık hizmetleri Publishing services,0.9666515785924443,1.0,0.03334842140755567,,False,False,False,False,False,False
household_monetary_additive,0.2,J59_J60,"Sinema filmi, video ve televizyon programı yapımcılık hizmetleri, ses kaydı ve müzik yayımlama; programcılık ve yayıncılık hizmetleri Motion picture, video and television programme production services, sound recording and music publishing; programming and broadcasting services",0.9644449968376553,0.9999999999589229,0.03555500316234472,,False,False,False,False,False,False
household_monetary_additive,0.2,J61,Telekomünikasyon hizmetleri Telecommunications services,0.3103456261811581,4.879430193227563e-14,0.6896543738188419,,True,True,True,True,True,False
household_monetary_additive,0.2,J62_J63,"Bilgisayar programlama, danışmanlık ve ilgili hizmetler; bilgi hizmetleri Computer programming, consultancy and related services; Information services",0.9667372316499241,0.9999999999972707,0.03326276835007591,,False,False,False,False,False,False
household_monetary_additive,0.2,K64,"Finansal hizmetler (sigorta ve bireysel emeklilik hariç) Financial services, except insurance and pension funding",0.9261749817925967,0.9999999999870867,0.07382501820740328,,False,False,False,False,False,False
household_monetary_additive,0.2,K65,"Sigorta, reasürans ve emeklilik fonları hizmetleri, zorunlu sosyal güvenlik hariç Insurance, reinsurance and pension funding services, except compulsory social security",0.9519078935452137,0.9999999999999848,0.04809210645478634,,False,False,False,False,False,False
household_monetary_additive,0.2,K66,Finansal hizmetler ile sigorta hizmetlerine yardımcı hizmetler Services auxiliary to financial services and insurance services,0.9666168752599336,0.9999999999992748,0.03338312474006644,,False,False,False,False,False,False
household_monetary_additive,0.2,L68B,Gayrimenkul hizmetleri Real estate services excluding imputed rents,0.4948859404425972,6.150635556423367e-14,0.5051140595574029,,True,True,True,True,True,False
household_monetary_additive,0.2,L68A,Kendi konutunda ikamet edenler için izafi kira Imputed rents of owner-occupied dwellings,1.0,1.0,0.0,,False,False,False,False,False,False
household_monetary_additive,0.2,M69_M70,Hukuk ve muhasebe hizmetleri; idare merkezi hizmetleri; idari danışmanlık hizmetleri Legal and accounting services;Services of head offices; management consulting services,0.9230194001064465,1.0,0.07698059989355355,,False,False,False,False,False,False
household_monetary_additive,0.2,M71,Mimarlık ve mühendislik hizmetleri; teknik test ve analiz hizmetleri Architectural and engineering services; technical testing and analysis services,0.9315396007443874,1.0,0.06846039925561265,,False,False,False,False,False,False
household_monetary_additive,0.2,M72,Bilimsel araştırma ve geliştirme hizmetleri Scientific research and development services,0.9995543250395527,0.9999999999998226,0.0004456749604473398,,False,False,False,False,False,False
household_monetary_additive,0.2,M73,Reklamcılık ve pazar araştırması hizmetleri Advertising and market research services,0.9252203524141766,0.9999999998413456,0.07477964758582345,,False,False,False,False,False,False
household_monetary_additive,0.2,M74_M75,"Diğer mesleki, bilimsel ve teknik hizmetler; veterinerlik hizmetleri Other professional, scientific and technical services and veterinary services",0.9461058060386833,0.999999999999994,0.05389419396131667,,False,False,False,False,False,False
household_monetary_additive,0.2,N77,Kiralama ve leasing hizmetleri Rental and leasing services,0.9433531216198058,1.0,0.05664687838019422,,False,False,False,False,False,False
household_monetary_additive,0.2,N78,İstihdam hizmetleri Employment services,0.9769859834982253,0.9999999999985368,0.023014016501774703,,False,False,False,False,False,False
household_monetary_additive,0.2,N79,"Seyahat acentesi, tur operatörü, diğer rezervasyon hizmetleri ve ilgili hizmetler Travel agency, tour operator and other reservation services and related services",0.979249130466335,0.9999999999987856,0.020750869533665006,,False,False,False,False,False,False
household_monetary_additive,0.2,N80-N82,"Güvenlik ve soruşturma hizmetleri; bina ve çevre düzenleme (peyzaj) hizmetleri; büro yönetimi, büro destek ve diğer iş destek hizmetleri Security and investigation services; services to buildings and landscape; office administrative, office support and other business support services",0.9066408463632873,1.0,0.09335915363671266,,False,False,False,False,False,False
household_monetary_additive,0.2,O84,Kamu yönetimi ve savunma hizmetleri; zorunlu sosyal güvenlik hizmetleri Public administration and defence services; compulsory social security services,0.9790514492685993,0.9999999999999988,0.020948550731400672,,False,False,False,False,False,False
household_monetary_additive,0.2,P85,Eğitim hizmetleri Education services,0.9986439449023652,1.0,0.0013560550976348118,,False,False,False,False,False,False
household_monetary_additive,0.2,Q86,İnsan sağlığı hizmetleri Human health services,0.9986921089111386,0.9999999999999984,0.0013078910888614237,,False,False,False,False,False,False
household_monetary_additive,0.2,Q87_Q88,Yatılı bakım hizmetleri; barınacak yer sağlanmaksızın verilen sosyal hizmetler Residential care services; social work services without accommodation,0.9961820612389546,1.0,0.003817938761045414,,False,False,False,False,False,False
household_monetary_additive,0.2,R90-R92,"Yaratıcı sanatlar, gösteri sanatları ve eğlence hizmetleri; kütüphane, arşiv, müze ve diğer kültürel hizmetler; kumar ve müşterek bahis hizmetleri Creative, arts, entertainment, library, archive, museum, other cultural services; gambling and betting services",0.9980352938191934,0.9999999999999998,0.0019647061808065747,,False,False,False,False,False,False
household_monetary_additive,0.2,R93,Spor hizmetleri ile eğlence ve dinlence hizmetleri Sporting services and amusement and recreation services,0.9910010534710559,0.9999999999999993,0.008998946528944063,,False,False,False,False,False,False
household_monetary_additive,0.2,S94,Üye olunan kuruluşlar tarafından verilen hizmetler Services furnished by membership organisations,0.9952534908330823,0.9999999999999997,0.004746509166917656,,False,False,False,False,False,False
household_monetary_additive,0.2,S95,"Bilgisayarların, kişisel eşyaların ve ev eşyalarının onarımına ilişkin hizmetler Repair services of computers and personal and household goods",0.9846079110579653,1.0,0.015392088942034698,,False,False,False,False,False,False
household_monetary_additive,0.2,S96,Diğer kişisel hizmetler Other personal services,0.9730102043072639,1.0,0.026989795692736074,,False,False,False,False,False,False
household_monetary_additive,0.2,T,Ev içi çalışan personelin işverenleri olarak hanehalklarının hizmetleri Services of households as employers; undifferentiated goods and services produced by households for own use,1.0,1.0,0.0,,False,False,False,False,False,False
household_lexicographic_maxmin,0.2,A01,"Tarım ve avcılık ürünleri ve ilgili hizmetler Products of agriculture, hunting and related services",0.7463371064659482,0.7462106503440511,0.2536628935340518,0.7462106513451648,True,True,True,True,True,True
household_lexicographic_maxmin,0.2,A02,"Orman ürünleri ve ilgili hizmetler Products of forestry, logging and related services",0.7464864320499873,0.7462106502796907,0.2535135679500127,0.7462106513451648,True,True,True,True,True,True
household_lexicographic_maxmin,0.2,A03,Balık ve diğer balıkçılık ürünleri; su ürünleri; balıkçılık için destekleyici hizmetler Fish and other fishing products; aquaculture products; support services to fishing,0.7462133352476207,0.7462106503089985,0.2537866647523793,0.7462106513451648,True,True,True,True,True,True
household_lexicographic_maxmin,0.2,B,Madencilik ve taşocakçılığı Mining and quarrying,0.7527332233990928,0.7462106503451675,0.24726677660090723,0.7462106513451648,True,True,True,True,True,True
household_lexicographic_maxmin,0.2,C10-C12,"Gıda, içecekler ve tütün ürünleri Food, beverages and tobacco products",0.7463118573146257,0.7462106503451648,0.2536881426853743,0.7462106513451648,True,True,True,True,True,True
household_lexicographic_maxmin,0.2,C13-C15,"Tekstil, giyim eşyası, deri ve ilgili ürünler Textiles, wearing apparel, leather and related products",0.7463183683004266,0.7462106503451646,0.25368163169957336,0.7462106513451648,True,True,True,True,True,True
household_lexicographic_maxmin,0.2,C16,"Kereste, ağaç ürünleri ve mantar ürünleri (mobilya hariç); hasır ve örme malzemesinden (saz, saman vb.) ürünler Wood and of products of wood and cork, except furniture; articles of straw and plaiting materials",0.7467450286989599,0.7462106503451724,0.25325497130104013,0.7462106513451648,True,True,True,True,True,True
household_lexicographic_maxmin,0.2,C17,Kağıt ve kağıt ürünleri Paper and paper products,0.7465157895180979,0.7462106503451542,0.25348421048190206,0.7462106513451648,True,True,True,True,True,True
household_lexicographic_maxmin,0.2,C18,Basım ve kayıt hizmetleri Printing and recording services,0.7468119104861235,0.7462195410794532,0.2531880895138765,0.7462106513451648,True,True,True,True,True,True
household_lexicographic_maxmin,0.2,C19,Kok ve rafine petrol ürünleri Coke and refined petroleum products,0.7469438809513873,0.7462106503441045,0.2530561190486127,0.7462106513451648,True,True,True,True,True,True
household_lexicographic_maxmin,0.2,C20,Kimyasallar ve kimyasal ürünler Chemicals and chemical products,0.7464845580065838,0.7462106503451643,0.25351544199341625,0.7462106513451648,True,True,True,True,True,True
household_lexicographic_maxmin,0.2,C21,Temel eczacılık ürünleri ve müstahzarları Basic pharmaceutical products and pharmaceutical preparations,0.7462896978578928,0.7462106503451632,0.2537103021421072,0.7462106513451648,True,True,True,True,True,True
household_lexicographic_maxmin,0.2,C22,Kauçuk ve plastik ürünler Rubber and plastic products,0.7465612302868055,0.7462106503451488,0.25343876971319446,0.7462106513451648,True,True,True,True,True,True
household_lexicographic_maxmin,0.2,C23,Diğer metalik olmayan mineral ürünleri Other non-metallic mineral products,0.7467665324962514,0.7462106503451649,0.25323346750374864,0.7462106513451648,True,True,True,True,True,True
household_lexicographic_maxmin,0.2,C24,Ana metaller Basic metals,0.7466758004295602,0.7462106503370691,0.25332419957043983,0.7462106513451648,True,True,True,True,True,True
household_lexicographic_maxmin,0.2,C25,"Fabrikasyon metal ürünler, makine ve ekipmanlar hariç Fabricated metal products, except machinery and equipment",0.7467239482038777,0.746210649894548,0.25327605179612234,0.7462106513451648,True,True,True,True,True,True
household_lexicographic_maxmin,0.2,C26,"Bilgisayarlar ile elektronik ve optik ürünler Computer, electronic and optical products",0.7485787510467873,0.7462106503452562,0.2514212489532127,0.7462106513451648,True,True,True,True,True,True
household_lexicographic_maxmin,0.2,C27,Elektrikli teçhizat Electrical equipment,0.7471423008848479,0.74621065025361,0.2528576991151521,0.7462106513451648,True,True,True,True,True,True
household_lexicographic_maxmin,0.2,C28,Başka yerde sınıflandırılmamış makine ve ekipmanlar Machinery and equipment n.e.c.,0.746511598536911,0.74621065034296,0.25348840146308904,0.7462106513451648,True,True,True,True,True,True
household_lexicographic_maxmin,0.2,C29,"Motorlu kara taşıtları, treyler (römork) ve yarı treyler (yarı römork) Motor vehicles, trailers and semi-trailers",0.7462887271278518,0.7462106497031423,0.25371127287214823,0.7462106513451648,True,True,True,True,True,True
household_lexicographic_maxmin,0.2,C30,Diğer ulaşım araçları Other transport equipment,0.7463067483591785,0.7462106503444429,0.25369325164082146,0.7462106513451648,True,True,True,True,True,True
household_lexicographic_maxmin,0.2,C31_C32,Mobilya ve diğer mamul eşyalar Furniture and other manufactured goods,0.7463480249247068,0.7462106503451584,0.25365197507529325,0.7462106513451648,True,True,True,True,True,True
household_lexicographic_maxmin,0.2,C33,Makine ve ekipmanların kurulumu ve onarımı Repair and installation services of machinery and equipment,0.7472364241739746,0.7462106503451641,0.2527635758260254,0.7462106513451648,True,True,True,True,True,True
household_lexicographic_maxmin,0.2,D35,"Elektrik, gaz, buhar ve iklimlendirme Electricity, gas, steam and air conditioning",0.8,0.9848037844805162,0.19999999999999996,0.7462106513451648,True,True,True,False,False,True
household_lexicographic_maxmin,0.2,E36,Doğal su; suyun arıtılması ve temini hizmetleri Natural water; water treatment and supply services,0.7462569154840649,0.7462106503190342,0.2537430845159351,0.7462106513451648,True,True,True,True,True,True
household_lexicographic_maxmin,0.2,E37-E39,"Kanalizasyon hizmetleri, kanalizasyon çamuru; atığın toplanması, işlenmesi ve bertarafı; maddelerin geri kazanımı; iyileştirme hizmetleri ve diğer atık yönetimi hizmetleri Sewerage services; sewage sludge; waste collection, treatment and disposal services; materials recovery services; remediation services and other wa...",0.7468525057288578,0.7462106503445585,0.25314749427114225,0.7462106513451648,True,True,True,True,True,True
household_lexicographic_maxmin,0.2,F,İnşaatlar ve inşaat işleri Constructions and construction works,0.7462459551435542,0.7462106503450378,0.2537540448564458,0.7462106513451648,True,True,True,True,True,True
household_lexicographic_maxmin,0.2,G45,Toptan ve perakende ticaret ile motorlu kara taşıtlarının ve motosikletlerin onarım hizmetleri Wholesale and retail trade and repair services of motor vehicles and motorcycles,0.7466372663443501,0.7462106503453142,0.2533627336556499,0.7462106513451648,True,True,True,True,True,True
household_lexicographic_maxmin,0.2,G46,"Toptan ticaret, motorlu kara taşıtları ve motosikletler hariç Wholesale trade services, except of motor vehicles and motorcycles",0.7467189243574619,0.7462106503451656,0.2532810756425381,0.7462106513451648,True,True,True,True,True,True
household_lexicographic_maxmin,0.2,G47,"Perakende ticaret (motorlu kara taşıtları ve motosikletler hariç) Retail trade services, except of motor vehicles and motorcycles",0.7466158126834013,0.7462106503452293,0.25338418731659873,0.7462106513451648,True,True,True,True,True,True
household_lexicographic_maxmin,0.2,H49,Kara taşımacılığı ve boru hattı taşımacılığı hizmetleri Land transport services and transport services via pipelines,0.7468719061196365,0.7462106503451629,0.2531280938803635,0.7462106513451648,True,True,True,True,True,True
household_lexicographic_maxmin,0.2,H50,Su yolu taşımacılığı hizmetleri Water transport services,0.7465492096307801,0.7462106501892198,0.2534507903692199,0.7462106513451648,True,True,True,True,True,True
household_lexicographic_maxmin,0.2,H51,Hava yolu taşımacılığı hizmetleri Air transport services,0.7463179151426794,0.746210650340887,0.2536820848573206,0.7462106513451648,True,True,True,True,True,True
household_lexicographic_maxmin,0.2,H52,"Depolama ve destek hizmetleri, taşımacılık için Warehousing and support services for transportation",0.74733143272851,0.7462106503373651,0.25266856727149,0.7462106513451648,True,True,True,True,True,True
household_lexicographic_maxmin,0.2,H53,Posta ve kurye hizmetleri Postal and courier services,0.746777646664557,0.7462106503455669,0.25322235333544296,0.7462106513451648,True,True,True,True,True,True
household_lexicographic_maxmin,0.2,I,Konaklama ve yiyecek hizmetleri Accommodation and food services,0.746293932361862,0.7462106503451639,0.25370606763813797,0.7462106513451648,True,True,True,True,True,True
household_lexicographic_maxmin,0.2,J58,Yayıncılık hizmetleri Publishing services,0.7466971362416873,0.746210650345202,0.2533028637583127,0.7462106513451648,True,True,True,True,True,True
household_lexicographic_maxmin,0.2,J59_J60,"Sinema filmi, video ve televizyon programı yapımcılık hizmetleri, ses kaydı ve müzik yayımlama; programcılık ve yayıncılık hizmetleri Motion picture, video and television programme production services, sound recording and music publishing; programming and broadcasting services",0.7465845423069294,0.7462106503135038,0.2534154576930706,0.7462106513451648,True,True,True,True,True,True
household_lexicographic_maxmin,0.2,J61,Telekomünikasyon hizmetleri Telecommunications services,0.746645410006408,0.7462106503451399,0.25335458999359195,0.7462106513451648,True,True,True,True,True,True
household_lexicographic_maxmin,0.2,J62_J63,"Bilgisayar programlama, danışmanlık ve ilgili hizmetler; bilgi hizmetleri Computer programming, consultancy and related services; Information services",0.7467502726004793,0.7462106503436917,0.2532497273995207,0.7462106513451648,True,True,True,True,True,True
household_lexicographic_maxmin,0.2,K64,"Finansal hizmetler (sigorta ve bireysel emeklilik hariç) Financial services, except insurance and pension funding",0.7488811947976161,0.7462106503456903,0.25111880520238394,0.7462106513451648,True,True,True,True,True,True
household_lexicographic_maxmin,0.2,K65,"Sigorta, reasürans ve emeklilik fonları hizmetleri, zorunlu sosyal güvenlik hariç Insurance, reinsurance and pension funding services, except compulsory social security",0.7481606490761448,0.7462106503451525,0.25183935092385523,0.7462106513451648,True,True,True,True,True,True
household_lexicographic_maxmin,0.2,K66,Finansal hizmetler ile sigorta hizmetlerine yardımcı hizmetler Services auxiliary to financial services and insurance services,0.7468536983870733,0.7462106503449364,0.2531463016129267,0.7462106513451648,True,True,True,True,True,True
household_lexicographic_maxmin,0.2,L68B,Gayrimenkul hizmetleri Real estate services excluding imputed rents,0.7466954384342852,0.7462106503451467,0.2533045615657148,0.7462106513451648,True,True,True,True,True,True
household_lexicographic_maxmin,0.2,L68A,Kendi konutunda ikamet edenler için izafi kira Imputed rents of owner-occupied dwellings,0.7462106503451649,0.7462106503451649,0.25378934965483513,0.7462106513451648,True,True,True,True,True,True
household_lexicographic_maxmin,0.2,M69_M70,Hukuk ve muhasebe hizmetleri; idare merkezi hizmetleri; idari danışmanlık hizmetleri Legal and accounting services;Services of head offices; management consulting services,0.7480640312214767,0.7462106503445609,0.2519359687785233,0.7462106513451648,True,True,True,True,True,True
household_lexicographic_maxmin,0.2,M71,Mimarlık ve mühendislik hizmetleri; teknik test ve analiz hizmetleri Architectural and engineering services; technical testing and analysis services,0.7497856949177846,0.7462106503451706,0.2502143050822154,0.7462106513451648,True,True,True,True,True,True
household_lexicographic_maxmin,0.2,M72,Bilimsel araştırma ve geliştirme hizmetleri Scientific research and development services,0.7462180308031061,0.7462106503451651,0.2537819691968939,0.7462106513451648,True,True,True,True,True,True
household_lexicographic_maxmin,0.2,M73,Reklamcılık ve pazar araştırması hizmetleri Advertising and market research services,0.7470968492962896,0.7462106503483215,0.2529031507037104,0.7462106513451648,True,True,True,True,True,True
household_lexicographic_maxmin,0.2,M74_M75,"Diğer mesleki, bilimsel ve teknik hizmetler; veterinerlik hizmetleri Other professional, scientific and technical services and veterinary services",0.7474358305984846,0.7462106503456938,0.2525641694015154,0.7462106513451648,True,True,True,True,True,True
household_lexicographic_maxmin,0.2,N77,Kiralama ve leasing hizmetleri Rental and leasing services,0.7485740265957115,0.7462106503451649,0.2514259734042885,0.7462106513451648,True,True,True,True,True,True
household_lexicographic_maxmin,0.2,N78,İstihdam hizmetleri Employment services,0.7472195159720546,0.746210650343883,0.2527804840279454,0.7462106513451648,True,True,True,True,True,True
household_lexicographic_maxmin,0.2,N79,"Seyahat acentesi, tur operatörü, diğer rezervasyon hizmetleri ve ilgili hizmetler Travel agency, tour operator and other reservation services and related services",0.7464354485464049,0.7462106503442183,0.25356455145359513,0.7462106513451648,True,True,True,True,True,True
household_lexicographic_maxmin,0.2,N80-N82,"Güvenlik ve soruşturma hizmetleri; bina ve çevre düzenleme (peyzaj) hizmetleri; büro yönetimi, büro destek ve diğer iş destek hizmetleri Security and investigation services; services to buildings and landscape; office administrative, office support and other business support services",0.7485542483074527,0.7462106503451711,0.25144575169254735,0.7462106513451648,True,True,True,True,True,True
household_lexicographic_maxmin,0.2,O84,Kamu yönetimi ve savunma hizmetleri; zorunlu sosyal güvenlik hizmetleri Public administration and defence services; compulsory social security services,0.7468207110183378,0.7462106503451644,0.2531792889816622,0.7462106513451648,True,True,True,True,True,True
household_lexicographic_maxmin,0.2,P85,Eğitim hizmetleri Education services,0.7462403762278796,0.7462106503451649,0.25375962377212036,0.7462106513451648,True,True,True,True,True,True
household_lexicographic_maxmin,0.2,Q86,İnsan sağlığı hizmetleri Human health services,0.74622684014042,0.7462106503451638,0.25377315985958004,0.7462106513451648,True,True,True,True,True,True
household_lexicographic_maxmin,0.2,Q87_Q88,Yatılı bakım hizmetleri; barınacak yer sağlanmaksızın verilen sosyal hizmetler Residential care services; social work services without accommodation,0.7462626233598333,0.7462106503451651,0.2537373766401667,0.7462106513451648,True,True,True,True,True,True
household_lexicographic_maxmin,0.2,R90-R92,"Yaratıcı sanatlar, gösteri sanatları ve eğlence hizmetleri; kütüphane, arşiv, müze ve diğer kültürel hizmetler; kumar ve müşterek bahis hizmetleri Creative, arts, entertainment, library, archive, museum, other cultural services; gambling and betting services",0.746238450582578,0.7462106503451648,0.253761549417422,0.7462106513451648,True,True,True,True,True,True
household_lexicographic_maxmin,0.2,R93,Spor hizmetleri ile eğlence ve dinlence hizmetleri Sporting services and amusement and recreation services,0.7463546388771383,0.7462106503451648,0.25364536112286173,0.7462106513451648,True,True,True,True,True,True
household_lexicographic_maxmin,0.2,S94,Üye olunan kuruluşlar tarafından verilen hizmetler Services furnished by membership organisations,0.746305915523069,0.746210650345165,0.253694084476931,0.7462106513451648,True,True,True,True,True,True
household_lexicographic_maxmin,0.2,S95,"Bilgisayarların, kişisel eşyaların ve ev eşyalarının onarımına ilişkin hizmetler Repair services of computers and personal and household goods",0.7463826037143119,0.746210650342639,0.25361739628568813,0.7462106513451648,True,True,True,True,True,True
household_lexicographic_maxmin,0.2,S96,Diğer kişisel hizmetler Other personal services,0.7463173875607131,0.7462106503451653,0.2536826124392869,0.7462106513451648,True,True,True,True,True,True
household_lexicographic_maxmin,0.2,T,Ev içi çalışan personelin işverenleri olarak hanehalklarının hizmetleri Services of households as employers; undifferentiated goods and services produced by households for own use,1.0,1.0,0.0,0.7462106513451648,False,False,False,False,False,False
household_max_output_reference,0.2,A01,"Tarım ve avcılık ürünleri ve ilgili hizmetler Products of agriculture, hunting and related services",0.9682656934117859,0.9999999999987219,0.03173430658821408,,False,False,False,False,False,False
household_max_output_reference,0.2,A02,"Orman ürünleri ve ilgili hizmetler Products of forestry, logging and related services",0.9460467788513903,0.9999999999936753,0.053953221148609676,,False,False,False,False,False,False
household_max_output_reference,0.2,A03,Balık ve diğer balıkçılık ürünleri; su ürünleri; balıkçılık için destekleyici hizmetler Fish and other fishing products; aquaculture products; support services to fishing,0.999791652424317,0.9999999999530734,0.0002083475756829989,,False,False,False,False,False,False
household_max_output_reference,0.2,B,Madencilik ve taşocakçılığı Mining and quarrying,0.6076610602460196,3.1086244689504383e-15,0.3923389397539804,,True,True,True,True,True,False
household_max_output_reference,0.2,C10-C12,"Gıda, içecekler ve tütün ürünleri Food, beverages and tobacco products",0.9908429537942087,0.999999999999974,0.009157046205791275,,False,False,False,False,False,False
household_max_output_reference,0.2,C13-C15,"Tekstil, giyim eşyası, deri ve ilgili ürünler Textiles, wearing apparel, leather and related products",0.08486883035449837,0.0,0.9151311696455017,,True,True,True,True,True,False
household_max_output_reference,0.2,C16,"Kereste, ağaç ürünleri ve mantar ürünleri (mobilya hariç); hasır ve örme malzemesinden (saz, saman vb.) ürünler Wood and of products of wood and cork, except furniture; articles of straw and plaiting materials",0.9536967500812438,0.9999999999997464,0.04630324991875623,,False,False,False,False,False,False
household_max_output_reference,0.2,C17,Kağıt ve kağıt ürünleri Paper and paper products,0.930896623372223,1.0,0.06910337662777699,,False,False,False,False,False,False
household_max_output_reference,0.2,C18,Basım ve kayıt hizmetleri Printing and recording services,0.8531543831393391,0.9999999999999911,0.1468456168606609,,False,False,False,False,False,False
household_max_output_reference,0.2,C19,Kok ve rafine petrol ürünleri Coke and refined petroleum products,0.9641689967841649,0.9999999999986277,0.0358310032158351,,False,False,False,False,False,False
household_max_output_reference,0.2,C20,Kimyasallar ve kimyasal ürünler Chemicals and chemical products,0.8832686236552596,0.9999999999997419,0.1167313763447404,,False,False,False,False,False,False
household_max_output_reference,0.2,C21,Temel eczacılık ürünleri ve müstahzarları Basic pharmaceutical products and pharmaceutical preparations,0.9910712840828055,0.999999999999999,0.008928715917194463,,False,False,False,False,False,False
household_max_output_reference,0.2,C22,Kauçuk ve plastik ürünler Rubber and plastic products,0.5093455133115407,0.0,0.49065448668845935,,True,True,True,True,True,False
household_max_output_reference,0.2,C23,Diğer metalik olmayan mineral ürünleri Other non-metallic mineral products,0.7148873799612713,0.0,0.2851126200387287,,True,True,True,True,True,False
household_max_output_reference,0.2,C24,Ana metaller Basic metals,0.694151712831627,0.34987130170814074,0.305848287168373,,True,True,True,True,True,True
household_max_output_reference,0.2,C25,"Fabrikasyon metal ürünler, makine ve ekipmanlar hariç Fabricated metal products, except machinery and equipment",0.9678644496012981,0.9999999994090795,0.03213555039870186,,False,False,False,False,False,False
household_max_output_reference,0.2,C26,"Bilgisayarlar ile elektronik ve optik ürünler Computer, electronic and optical products",0.9359305114519052,1.0,0.0640694885480948,,False,False,False,False,False,False
household_max_output_reference,0.2,C27,Elektrikli teçhizat Electrical equipment,0.9787248268023135,0.9999999998775215,0.02127517319768646,,False,False,False,False,False,False
household_max_output_reference,0.2,C28,Başka yerde sınıflandırılmamış makine ve ekipmanlar Machinery and equipment n.e.c.,0.9813495613850135,0.9999999999971948,0.018650438614986498,,False,False,False,False,False,False
household_max_output_reference,0.2,C29,"Motorlu kara taşıtları, treyler (römork) ve yarı treyler (yarı römork) Motor vehicles, trailers and semi-trailers",0.9923521146641628,0.9999999991689086,0.007647885335837157,,False,False,False,False,False,False
household_max_output_reference,0.2,C30,Diğer ulaşım araçları Other transport equipment,0.9938303294725123,0.9999999999990099,0.006169670527487736,,False,False,False,False,False,False
household_max_output_reference,0.2,C31_C32,Mobilya ve diğer mamul eşyalar Furniture and other manufactured goods,0.9872068548226344,1.0,0.012793145177365628,,False,False,False,False,False,False
household_max_output_reference,0.2,C33,Makine ve ekipmanların kurulumu ve onarımı Repair and installation services of machinery and equipment,0.9728152397481427,0.9999999999999991,0.027184760251857343,,False,False,False,False,False,False
household_max_output_reference,0.2,D35,"Elektrik, gaz, buhar ve iklimlendirme Electricity, gas, steam and air conditioning",0.8,0.9848037844806872,0.19999999999999996,,True,True,True,False,False,True
household_max_output_reference,0.2,E36,Doğal su; suyun arıtılması ve temini hizmetleri Natural water; water treatment and supply services,0.07173732198549802,0.0,0.928262678014502,,True,True,True,True,True,False
household_max_output_reference,0.2,E37-E39,"Kanalizasyon hizmetleri, kanalizasyon çamuru; atığın toplanması, işlenmesi ve bertarafı; maddelerin geri kazanımı; iyileştirme hizmetleri ve diğer atık yönetimi hizmetleri Sewerage services; sewage sludge; waste collection, treatment and disposal services; materials recovery services; remediation services and other wa...",0.8121794833492678,1.0,0.18782051665073218,,False,False,False,False,False,False
household_max_output_reference,0.2,F,İnşaatlar ve inşaat işleri Constructions and construction works,0.9967221718452508,0.9999999999998298,0.003277828154749196,,False,False,False,False,False,False
household_max_output_reference,0.2,G45,Toptan ve perakende ticaret ile motorlu kara taşıtlarının ve motosikletlerin onarım hizmetleri Wholesale and retail trade and repair services of motor vehicles and motorcycles,0.9542710867966185,0.9999999999991144,0.04572891320338146,,False,False,False,False,False,False
household_max_output_reference,0.2,G46,"Toptan ticaret, motorlu kara taşıtları ve motosikletler hariç Wholesale trade services, except of motor vehicles and motorcycles",0.9502541389242661,1.0,0.049745861075733866,,False,False,False,False,False,False
household_max_output_reference,0.2,G47,"Perakende ticaret (motorlu kara taşıtları ve motosikletler hariç) Retail trade services, except of motor vehicles and motorcycles",0.9501959327877924,1.0,0.04980406721220765,,False,False,False,False,False,False
household_max_output_reference,0.2,H49,Kara taşımacılığı ve boru hattı taşımacılığı hizmetleri Land transport services and transport services via pipelines,0.9545717836239269,0.9999999999999758,0.04542821637607308,,False,False,False,False,False,False
household_max_output_reference,0.2,H50,Su yolu taşımacılığı hizmetleri Water transport services,0.981954636604372,0.999999999803454,0.01804536339562801,,False,False,False,False,False,False
household_max_output_reference,0.2,H51,Hava yolu taşımacılığı hizmetleri Air transport services,0.9938177241561474,0.9999999999946283,0.006182275843852558,,False,False,False,False,False,False
household_max_output_reference,0.2,H52,"Depolama ve destek hizmetleri, taşımacılık için Warehousing and support services for transportation",0.9431335682960204,0.9999999999887978,0.05686643170397965,,False,False,False,False,False,False
household_max_output_reference,0.2,H53,Posta ve kurye hizmetleri Postal and courier services,0.949787734064994,1.0,0.05021226593500605,,False,False,False,False,False,False
household_max_output_reference,0.2,I,Konaklama ve yiyecek hizmetleri Accommodation and food services,0.9939021357121702,1.0,0.006097864287829768,,False,False,False,False,False,False
household_max_output_reference,0.2,J58,Yayıncılık hizmetleri Publishing services,0.9666515785871097,0.9999999999999403,0.033348421412890294,,False,False,False,False,False,False
household_max_output_reference,0.2,J59_J60,"Sinema filmi, video ve televizyon programı yapımcılık hizmetleri, ses kaydı ve müzik yayımlama; programcılık ve yayıncılık hizmetleri Motion picture, video and television programme production services, sound recording and music publishing; programming and broadcasting services",0.9644449968396441,0.999999999958945,0.03555500316035587,,False,False,False,False,False,False
household_max_output_reference,0.2,J61,Telekomünikasyon hizmetleri Telecommunications services,0.31034562618129635,8.473777235451507e-14,0.6896543738187036,,True,True,True,True,True,False
household_max_output_reference,0.2,J62_J63,"Bilgisayar programlama, danışmanlık ve ilgili hizmetler; bilgi hizmetleri Computer programming, consultancy and related services; Information services",0.9667372316516889,1.0,0.0332627683483111,,False,False,False,False,False,False
household_max_output_reference,0.2,K64,"Finansal hizmetler (sigorta ve bireysel emeklilik hariç) Financial services, except insurance and pension funding",0.9261749817938136,0.9999999999905089,0.07382501820618637,,False,False,False,False,False,False
household_max_output_reference,0.2,K65,"Sigorta, reasürans ve emeklilik fonları hizmetleri, zorunlu sosyal güvenlik hariç Insurance, reinsurance and pension funding services, except compulsory social security",0.9519078935461529,1.0,0.048092106453847094,,False,False,False,False,False,False
household_max_output_reference,0.2,K66,Finansal hizmetler ile sigorta hizmetlerine yardımcı hizmetler Services auxiliary to financial services and insurance services,0.9666168752603853,0.9999999999998568,0.03338312473961469,,False,False,False,False,False,False
household_max_output_reference,0.2,L68B,Gayrimenkul hizmetleri Real estate services excluding imputed rents,0.49488594044276324,1.5643042416968456e-13,0.5051140595572368,,True,True,True,True,True,False
household_max_output_reference,0.2,L68A,Kendi konutunda ikamet edenler için izafi kira Imputed rents of owner-occupied dwellings,1.0,1.0,0.0,,False,False,False,False,False,False
household_max_output_reference,0.2,M69_M70,Hukuk ve muhasebe hizmetleri; idare merkezi hizmetleri; idari danışmanlık hizmetleri Legal and accounting services;Services of head offices; management consulting services,0.9230194001044313,1.0,0.07698059989556871,,False,False,False,False,False,False
household_max_output_reference,0.2,M71,Mimarlık ve mühendislik hizmetleri; teknik test ve analiz hizmetleri Architectural and engineering services; technical testing and analysis services,0.9315396007443003,0.9999999999997974,0.06846039925569969,,False,False,False,False,False,False
household_max_output_reference,0.2,M72,Bilimsel araştırma ve geliştirme hizmetleri Scientific research and development services,0.999554325038874,0.9999999999991392,0.0004456749611260191,,False,False,False,False,False,False
household_max_output_reference,0.2,M73,Reklamcılık ve pazar araştırması hizmetleri Advertising and market research services,0.9252203524229942,1.0,0.07477964757700584,,False,False,False,False,False,False
household_max_output_reference,0.2,M74_M75,"Diğer mesleki, bilimsel ve teknik hizmetler; veterinerlik hizmetleri Other professional, scientific and technical services and veterinary services",0.9461058060389121,1.0,0.053894193961087855,,False,False,False,False,False,False
household_max_output_reference,0.2,N77,Kiralama ve leasing hizmetleri Rental and leasing services,0.9433531216200971,1.0,0.0566468783799029,,False,False,False,False,False,False
household_max_output_reference,0.2,N78,İstihdam hizmetleri Employment services,0.9769859834995985,1.0,0.02301401650040147,,False,False,False,False,False,False
household_max_output_reference,0.2,N79,"Seyahat acentesi, tur operatörü, diğer rezervasyon hizmetleri ve ilgili hizmetler Travel agency, tour operator and other reservation services and related services",0.9792491304663324,0.999999999998795,0.02075086953366756,,False,False,False,False,False,False
household_max_output_reference,0.2,N80-N82,"Güvenlik ve soruşturma hizmetleri; bina ve çevre düzenleme (peyzaj) hizmetleri; büro yönetimi, büro destek ve diğer iş destek hizmetleri Security and investigation services; services to buildings and landscape; office administrative, office support and other business support services",0.9066408463633594,0.9999999999989981,0.0933591536366406,,False,False,False,False,False,False
household_max_output_reference,0.2,O84,Kamu yönetimi ve savunma hizmetleri; zorunlu sosyal güvenlik hizmetleri Public administration and defence services; compulsory social security services,0.979051449268619,0.9999999999999991,0.02094855073138102,,False,False,False,False,False,False
household_max_output_reference,0.2,P85,Eğitim hizmetleri Education services,0.998643944902368,1.0,0.0013560550976320362,,False,False,False,False,False,False
household_max_output_reference,0.2,Q86,İnsan sağlığı hizmetleri Human health services,0.998692108911138,0.9999999999999963,0.0013078910888619788,,False,False,False,False,False,False
household_max_output_reference,0.2,Q87_Q88,Yatılı bakım hizmetleri; barınacak yer sağlanmaksızın verilen sosyal hizmetler Residential care services; social work services without accommodation,0.9961820612389575,1.0,0.0038179387610425275,,False,False,False,False,False,False
household_max_output_reference,0.2,R90-R92,"Yaratıcı sanatlar, gösteri sanatları ve eğlence hizmetleri; kütüphane, arşiv, müze ve diğer kültürel hizmetler; kumar ve müşterek bahis hizmetleri Creative, arts, entertainment, library, archive, museum, other cultural services; gambling and betting services",0.9980352938192606,1.0,0.001964706180739406,,False,False,False,False,False,False
household_max_output_reference,0.2,R93,Spor hizmetleri ile eğlence ve dinlence hizmetleri Sporting services and amusement and recreation services,0.9910010534712397,1.0,0.008998946528760321,,False,False,False,False,False,False
household_max_output_reference,0.2,S94,Üye olunan kuruluşlar tarafından verilen hizmetler Services furnished by membership organisations,0.9952534908331239,1.0,0.004746509166876134,,False,False,False,False,False,False
household_max_output_reference,0.2,S95,"Bilgisayarların, kişisel eşyaların ve ev eşyalarının onarımına ilişkin hizmetler Repair services of computers and personal and household goods",0.9846079110544823,0.9999999999982765,0.01539208894551769,,False,False,False,False,False,False
household_max_output_reference,0.2,S96,Diğer kişisel hizmetler Other personal services,0.9730102043072597,0.9999999999999998,0.026989795692740293,,False,False,False,False,False,False
household_max_output_reference,0.2,T,Ev içi çalışan personelin işverenleri olarak hanehalklarının hizmetleri Services of households as employers; undifferentiated goods and services produced by households for own use,1.0,1.0,0.0,,False,False,False,False,False,False
